Workbook

Sheet Bornite-Chalcocite
A1: No. | B1: As | C1: Ga | D1: S | E1: Ag | F1: Sb | G1: Cd | H1: Fe | I1: In | J1: Cu | K1: Sn | L1: Zn | M1: Pb | N1: Total | O1: Comment | P1: Location
A2: 66 | B2: 4.75 | C2: 0 | D2: 24.23 | E2: 0.0864 | F2: 0.0046 | G2: 0 | H2: 2.81 | I2: 0 | J2: 60.49 | K2: 0 | L2: 0.0422 | M2: 0.0616 | N2: 92.4749 | O2: CL-07 CuS digenite (light blue) | P2: Cligga Head
A3: 62 | B3: 1.24 | C3: 0 | D3: 22.14 | E3: 0.0503 | F3: 0 | G3: 0.0071 | H3: 0.8352 | I3: 0 | J3: 68.11 | K3: 0 | L3: 0.0532 | M3: 0.0669 | N3: 92.5028 | O3: CL-07 CuS digenite (light blue) | P3: Cligga Head
A4: 60 | B4: 0.5755 | C4: 0 | D4: 20.39 | E4: 0.0703 | F4: 0 | G4: 0 | H4: 0.5392 | I4: 0 | J4: 71.9 | K4: 0 | L4: 0.0454 | M4: 0.0549 | N4: 93.5754 | O4: CL-07 CuS digenite (light blue) | P4: Cligga Head
A5: 61 | B5: 0.3056 | C5: 0 | D5: 20.32 | E5: 0.0473 | F5: 0 | G5: 0.0015 | H5: 0.2955 | I5: 0 | J5: 72.77 | K5: 0.005 | L5: 0.0643 | M5: 0.0502 | N5: 93.8595 | O5: CL-07 CuS digenite (light blue) | P5: Cligga Head
A6: 64 | B6: 0.8355 | C6: 0 | D6: 23.12 | E6: 0.0505 | F6: 0 | G6: 0 | H6: 0.4906 | I6: 0 | J6: 69.72 | K6: 0 | L6: 0.0428 | M6: 0.0364 | N6: 94.2959 | O6: CL-07 CuS digenite (light blue) | P6: Cligga Head
A7: 58 | B7: 0.4014 | C7: 0 | D7: 21.93 | E7: 0.0819 | F7: 0 | G7: 0.0012 | H7: 0.3348 | I7: 0 | J7: 71.57 | K7: 0 | L7: 0.0699 | M7: 0.049 | N7: 94.4383 | O7: CL-07 CuS digenite (light blue) | P7: Cligga Head
A8: 65 | B8: 0.6175 | C8: 0 | D8: 23.12 | E8: 0.0899 | F8: 0.0154 | G8: 0 | H8: 0.5178 | I8: 0 | J8: 71 | K8: 0.0003 | L8: 0.0686 | M8: 0.072 | N8: 95.5015 | O8: CL-07 CuS digenite (light blue) | P8: Cligga Head
A9: 63 | B9: 0.2326 | C9: 0 | D9: 29.51 | E9: 0.0816 | F9: 0 | G9: 0.0001 | H9: 0.2304 | I9: 0 | J9: 65.64 | K9: 0 | L9: 0.0222 | M9: 0.0702 | N9: 95.7872 | O9: CL-07 CuS digenite (light blue) | P9: Cligga Head
A10: 59 | B10: 1.21 | C10: 0 | D10: 23.64 | E10: 0.0512 | F10: 0 | G10: 0.0009 | H10: 0.7375 | I10: 0 | J10: 70.54 | K10: 0 | L10: 0.0296 | M10: 0.0486 | N10: 96.2579 | O10: CL-07 CuS digenite (light blue) | P10: Cligga Head
A11: 67 | B11: 0.6033 | C11: 0 | D11: 23.17 | E11: 0.0444 | F11: 0 | G11: 0 | H11: 0.4181 | I11: 0 | J11: 71.96 | K11: 0 | L11: 0.0646 | M11: 0.0458 | N11: 96.3063 | O11: CL-07 CuS digenite (light blue) | P11: Cligga Head
A12: 69 | B12: 1.05 | C12: 0 | D12: 25.15 | E12: 0.1542 | F12: 0 | G12: 0 | H12: 1 | I12: 0 | J12: 63.62 | K12: 0 | L12: 0.0558 | M12: 0.064 | N12: 91.0941 | O12: CL-07 CuS pink (in digenite) | P12: Cligga Head
A13: 56 | B13: 5.37 | C13: 0 | D13: 23.46 | E13: 0.0851 | F13: 0.0048 | G13: 0 | H13: 3.25 | I13: 0 | J13: 60.68 | K13: 0 | L13: 0.0354 | M13: 0.0361 | N13: 92.9215 | O13: CL-07 CuS(Fe,As) light blue coating? | P13: Cligga Head
... A142: 14 | B142: 0 | C142: 0 | D142: 27.66 | E142: 0.0354 | F142: 0.0017 | G142: 0 | H142: 1.25 | I142: 0 | J142: 71.2 | K142: 0 | L142: 0.0443 | M142: 0.0905 | N142: 100.2818 | O142: CW-05 Cu-bearing rim | P142: Great Condurrow

Sheet Tetrahedrite-Tennantite
A1: No. | B1: As | C1: Ga | D1: S | E1: Ag | F1: Sb | G1: Cd | H1: Fe | I1: In | J1: Cu | K1: Sn | L1: Zn | M1: Pb | N1: Total | O1: Sample | P1: Location
A2: 17 | B2: 19.78 | C2: 0 | D2: 33.62 | E2: 0.0063 | F2: 0.1052 | G2: 0.0013 | H2: 1.06 | I2: 0 | J2: 48.57 | K2: 0.0344 | L2: 0.0333 | M2: 0.1015 | N2: 103.312 | O2: RJS-BK4 Cu-As-S | P2: Botallack
A3: 18 | B3: 19.88 | C3: 0 | D3: 33.8 | E3: 0 | F3: 0 | G3: 0 | H3: 0.6902 | I3: 0 | J3: 48.47 | K3: 0.1453 | L3: 0.0262 | M3: 0.1086 | N3: 103.1202 | O3: RJS-BK4 Cu-As-S | P3: Botallack
A4: 12 | B4: 19.96 | C4: 0 | D4: 33.83 | E4: 0 | F4: 0 | G4: 0 | H4: 0.7873 | I4: 0 | J4: 48.22 | K4: 0.1871 | L4: 0.0503 | M4: 0.0998 | N4: 103.1345 | O4: RJS-BK4-Cu-As-S | P4: Botallack
A5: 253 | B5: 18.56 | C5: 0 | D5: 29.28 | E5: 0.059 | F5: 0 | G5: 0.1506 | H5: 3.1 | I5: 0.0454 | J5: 42.44 | K5: 0 | L5: 6.08 | M5: 0.8009 | N5: 100.5158 | O5: RJS-GV12 CuS? | P5: Geevor
A6: 254 | B6: 17.43 | C6: 0 | D6: 29.89 | E6: 0.032 | F6: 0.0015 | G6: 0.116 | H6: 4.85 | I6: 0.0392 | J6: 42.27 | K6: 0 | L6: 4.37 | M6: 1.28 | N6: 100.2786 | O6: RJS-GV12 CuS? | P6: Geevor
A7: 13 | B7: 21.76 | C7: 0 | D7: 31.11 | E7: 0.0525 | F7: 0.0548 | G7: 0.1106 | H7: 6.22 | I7: 0.0218 | J7: 40.12 | K7: 0 | L7: 1.69 | M7: 0.0775 | N7: 101.2172 | O7: RJS-BK4-Cu-As-S | P7: Botallack
A8: 15 | B8: 23.27 | C8: 0 | D8: 32.78 | E8: 0.011 | F8: 0.168 | G8: 0.0048 | H8: 4.27 | I8: 0.0299 | J8: 35.75 | K8: 0 | L8: 1.11 | M8: 0.0868 | N8: 97.4806 | O8: RJS-BK4 Cu-As-S | P8: Botallack
A9: 99 | B9: 9.09 | C9: 0 | D9: 24.95 | E9: 1.17 | F9: 12.64 | G9: 0 | H9: 9.43 | I9: 0 | J9: 34.69 | K9: 0.0731 | L9: 2.57 | M9: 0.0864 | N9: 94.6996 | O9: RJS-WC-02 stannite | P9: Wheal Charlotte
A10: 97 | B10: 9.39 | C10: 0 | D10: 23.6 | E10: 1.15 | F10: 12.12 | G10: 0 | H10: 7.86 | I10: 0 | J10: 35.04 | K10: 0 | L10: 1.94 | M10: 0.0845 | N10: 91.1846 | O10: RJS-WC-02 stannite | P10: Wheal Charlotte
A11: 4 | B11: 19.2 | C11: 0 | D11: 32.6 | E11: 0 | F11: 0 | G11: 0 | H11: 0.423 | I11: 0 | J11: 50.29 | K11: 0 | L11: 0.0504 | M11: 0 | N11: 102.5633 | O11: CW-06 cct | P11: Great Condurrow

Sheet Löllingite
A1: No. | B1: As | C1: Ga | D1: S | E1: Ag | F1: Sb | G1: Cd | H1: Fe | I1: In | J1: Cu | K1: Sn | L1: Zn | M1: Pb | N1: Total | O1: Sample | P1: Location
A2: 22 | B2: 66.63 | C2: 0 | D2: 4.24 | E2: 0.0326 | F2: 0 | G2: 0 | H2: 28.84 | I2: 0 | J2: 0.0108 | K2: 0 | L2: 0.0266 | M2: 0.0201 | N2: =SUM(B2:M2) -> 99.8001 | O2: RED-03-Lollingite | P2: Redmoor
A3: 83 | B3: 72.23 | C3: 0 | D3: 1.76 | E3: 0.0042 | F3: 0.0191 | G3: 0 | H3: 29.43 | I3: 0 | J3: 0.0106 | K3: 0 | L3: 0 | M3: 0.0262 | N3: 103.48 | O3: RM82-21-274.6 lollingite | P3: Redmoor
A4: 31 | B4: 71.95 | C4: 0 | D4: 1.71 | E4: 0.0067 | F4: 0 | G4: 0 | H4: 29.69 | I4: 0 | J4: 0 | K4: 0 | L4: 0 | M4: 0.0408 | N4: 103.3974 | O4: RM82-21-273 lollingite | P4: Redmoor
A5: 92 | B5: 71.8 | C5: 0 | D5: 2.26 | E5: 0 | F5: 0 | G5: 0 | H5: 29.65 | I5: 0 | J5: 0.0034 | K5: 0 | L5: 0 | M5: 0.0364 | N5: 103.7498 | O5: RM82-21-274.6 lollingite | P5: Redmoor
A6: 68 | B6: 71.47 | C6: 0 | D6: 2.52 | E6: 0.0105 | F6: 0.003 | G6: 0 | H6: 29.69 | I6: 0 | J6: 0.0116 | K6: 0 | L6: 0.0031 | M6: 0.0268 | N6: 103.7349 | O6: RM82-21-273 lollingite | P6: Redmoor
A7: 33 | B7: 71.36 | C7: 0 | D7: 2.59 | E7: 0 | F7: 0 | G7: 0 | H7: 30.14 | I7: 0 | J7: 0 | K7: 0 | L7: 0 | M7: 0.0122 | N7: 104.1021 | O7: RM82-21-273 lollingite | P7: Redmoor
A8: 43 | B8: 71.25 | C8: 0 | D8: 2.86 | E8: 0 | F8: 0 | G8: 0 | H8: 29.88 | I8: 0 | J8: 0.0111 | K8: 0 | L8: 0 | M8: 0.0364 | N8: 104.0374 | O8: RM82-21-273 lollingite | P8: Redmoor
A9: 56 | B9: 71.24 | C9: 0 | D9: 2.45 | E9: 0 | F9: 0 | G9: 0.0046 | H9: 29.81 | I9: 0 | J9: 0 | K9: 0 | L9: 0 | M9: 0.0382 | N9: 103.5427 | O9: RM82-21-273 lollingite | P9: Redmoor
A10: 69 | B10: 71.2 | C10: 0 | D10: 2.71 | E10: 0.0069 | F10: 0 | G10: 0 | H10: 29.81 | I10: 0.0001 | J10: 0.012 | K10: 0 | L10: 0 | M10: 0.0316 | N10: 103.7705 | O10: RM82-21-273 lollingite | P10: Redmoor
A11: 91 | B11: 71.12 | C11: 0 | D11: 2.75 | E11: 0.0051 | F11: 0 | G11: 0 | H11: 29.88 | I11: 0 | J11: 0 | K11: 0 | L11: 0.0152 | M11: 0.0335 | N11: 103.8037 | O11: RM82-21-274.6 lollingite | P11: Redmoor
A12: 55 | B12: 71.08 | C12: 0 | D12: 2.62 | E12: 0.0063 | F12: 0 | G12: 0 | H12: 30.04 | I12: 0 | J12: 0 | K12: 0 | L12: 0.0002 | M12: 0.0373 | N12: 103.7838 | O12: RM82-21-273 lollingite | P12: Redmoor
A13: 32 | B13: 71.05 | C13: 0 | D13: 2.78 | E13: 0 | F13: 0 | G13: 0 | H13: 30.47 | I13: 0 | J13: 0.0081 | K13: 0 | L13: 0.0156 | M13: 0.0085 | N13: 104.3322 | O13: RM82-21-273 lollingite | P13: Redmoor
A14: 84 | B14: 70.97 | C14: 0 | D14: 2.72 | E14: 0 | F14: 0 | G14: 0 | H14: 29.57 | I14: 0 | J14: 0 | K14: 0 | L14: 0.0015 | M14: 0.047 | N14: 103.3084 | O14: RM82-21-274.6 lollingite | P14: Redmoor
... A43: 25 | B43: 73.89 | C43: 0 | D43: 1.62 | E43: 0 | F43: 0.0038 | G43: 0 | H43: 28.59 | I43: 0 | J43: 0.0092 | K43: 0 | L43: 0 | M43: 0.0071 | N43: 104.1201 | O43: CW-06 cst | P43: Great Condurrow

Sheet Arsenopyrite
A1: No. | B1: As | C1: Ga | D1: S | E1: Ag | F1: Sb | G1: Cd | H1: Fe | I1: In | J1: Cu | K1: Sn | L1: Zn | M1: Pb | N1: Total | O1: Sample | P1: Location
A2: 31 | B2: 47.09 | C2: 0 | D2: 20.62 | E2: 0.0033 | F2: 0 | G2: 0 | H2: 36.25 | I2: 0 | J2: 0.007 | K2: 0 | L2: 0.0767 | M2: 0.0681 | N2: 104.1151 | O2: WC-01 arsenopyrite | P2: Wheal Charlotte
A3: 32 | B3: 47.31 | C3: 0 | D3: 20.37 | E3: 0 | F3: 0.0031 | G3: 0 | H3: 36.08 | I3: 0 | J3: 0 | K3: 0 | L3: 0.0125 | M3: 0.0723 | N3: 103.8478 | O3: WC-01 arsenopyrite | P3: Wheal Charlotte
A4: 33 | B4: 47.39 | C4: 0 | D4: 20.57 | E4: 0 | F4: 0 | G4: 0 | H4: 36.2 | I4: 0 | J4: 0 | K4: 0 | L4: 0.0604 | M4: 0.0911 | N4: 104.3115 | O4: WC-01 arsenopyrite | P4: Wheal Charlotte
A5: 34 | B5: 47.56 | C5: 0 | D5: 20.32 | E5: 0.003 | F5: 0.0353 | G5: 0 | H5: 35.81 | I5: 0 | J5: 0 | K5: 0 | L5: 0.0911 | M5: 0.0915 | N5: 103.9109 | O5: WC-01 arsenopyrite | P5: Wheal Charlotte
A6: 35 | B6: 47.28 | C6: 0 | D6: 20.58 | E6: 0 | F6: 0 | G6: 0 | H6: 35.73 | I6: 0 | J6: 0.0179 | K6: 0 | L6: 0.0123 | M6: 0.0883 | N6: 103.7084 | O6: WC-01 arsenopyrite | P6: Wheal Charlotte
A7: 8 | B7: 47.41 | C7: 0 | D7: 20.1 | E7: 0 | F7: 0 | G7: 0.0015 | H7: 35.96 | I7: 0 | J7: 0.0055 | K7: 0 | L7: 0.0042 | M7: 0.0492 | N7: 103.5304 | O7: RM82-25-185.6 lollingite | P7: Redmoor
A8: 6 | B8: 47.29 | C8: 0 | D8: 19.85 | E8: 0.008 | F8: 0.0007 | G8: 0 | H8: 36.25 | I8: 0 | J8: 0 | K8: 0 | L8: 0.0146 | M8: 0.058 | N8: 103.4713 | O8: RM82-25-185.6 lollingite | P8: Redmoor
A9: 7 | B9: 47.28 | C9: 0 | D9: 20.04 | E9: 0.0022 | F9: 0.0076 | G9: 0 | H9: 36.1 | I9: 0 | J9: 0.0036 | K9: 0 | L9: 0 | M9: 0.0546 | N9: 103.4879 | O9: RM82-25-185.6 lollingite | P9: Redmoor
A10: 80 | B10: 49.14 | C10: 0 | D10: 18.79 | E10: 0 | F10: 0.0178 | G10: 0 | H10: 35.37 | I10: 0 | J10: 0 | K10: 0 | L10: 0 | M10: 0.0324 | N10: 103.3501 | O10: RM82-21-274.6 arsenopyrite | P10: Redmoor
A11: 122 | B11: 48.81 | C11: 0 | D11: 19.17 | E11: 0 | F11: 0.0187 | G11: 0 | H11: 35.87 | I11: 0 | J11: 0 | K11: 0 | L11: 0 | M11: 0.0561 | N11: 103.9247 | O11: RM82-21-274.6 arsenopyrite | P11: Redmoor
A12: 121 | B12: 48.61 | C12: 0 | D12: 19.34 | E12: 0.0063 | F12: 0.1102 | G12: 0 | H12: 35.61 | I12: 0 | J12: 0.0086 | K12: 0 | L12: 0 | M12: 0.0768 | N12: 103.7618 | O12: RM82-21-274.6 arsenopyrite | P12: Redmoor
A13: 94 | B13: 48.59 | C13: 0 | D13: 19.31 | E13: 0.009 | F13: 0.0703 | G13: 0 | H13: 35.55 | I13: 0 | J13: 0 | K13: 0 | L13: 0 | M13: 0.0506 | N13: 103.5798 | O13: RM82-21-274.6 arsenopyrite | P13: Redmoor
... A127: 51 | B127: 48.8 | C127: 0 | D127: 19.04 | E127: 0 | F127: 0 | G127: 0 | H127: 35.09 | I127: 0 | J127: 0.009 | K127: 0 | L127: 0 | M127: 0.0662 | N127: 103.0051 | O127: CL-07 arsenopyrite | P127: Cligga Head
A128: 35 | B128: 40.75 | C128: 0 | D128: 24.48 | E128: 0.0083 | F128: 0.0131 | G128: 0 | H128: 36.92 | I128: 0 | J128: 0.0096 | K128: 0 | L128: 0 | M128: 0.1058 | N128: 102.2867 | O128: 3JD4-arsenopyrite
A129: 72 | B129: 46.28 | C129: 0 | D129: 20.44 | E129: 0 | F129: 0.0006 | G129: 0 | H129: 39.47 | I129: 0 | J129: 0.0052 | K129: 0 | L129: 0 | M129: 0.0965 | N129: 106.2923 | O129: DC-03 arsenopyrite | P129: Dolcoath
A130: 73 | B130: 46.26 | C130: 0 | D130: 20.16 | E130: 0.0014 | F130: 0.0164 | G130: 0 | H130: 39.35 | I130: 0 | J130: 0 | K130: 0 | L130: 0.0079 | M130: 0.1014 | N130: 105.897 | O130: DC-03 arsenopyrite | P130: Dolcoath
A131: 60 | B131: 45.9 | C131: 0 | D131: 20.44 | E131: 0.0077 | F131: 0.0355 | G131: 0 | H131: 39.29 | I131: 0 | J131: 0 | K131: 0 | L131: 0.0062 | M131: 0.084 | N131: 105.7634 | O131: DC-03 arsenopyrite | P131: Dolcoath
A132: 65 | B132: 46.69 | C132: 0 | D132: 19.99 | E132: 0.0014 | F132: 0.0088 | G132: 0 | H132: 39.14 | I132: 0 | J132: 0 | K132: 0 | L132: 0 | M132: 0.0935 | N132: 105.9236 | O132: DC-03 arsenopyrite | P132: Dolcoath
A133: 70 | B133: 46.43 | C133: 0 | D133: 20.27 | E133: 0.0036 | F133: 0 | G133: 0.0014 | H133: 39.12 | I133: 0 | J133: 0.005 | K133: 0 | L133: 0 | M133: 0.0931 | N133: 105.923 | O133: DC-03 arsenopyrite | P133: Dolcoath
A134: 45 | B134: 48.64 | C134: 0 | D134: 19.23 | E134: 0.0083 | F134: 0 | G134: 0 | H134: 35.84 | I134: 0 | J134: 0 | K134: 0 | L134: 0.0137 | M134: 0.0742 | N134: 103.8061 | O134: 21-315.6 arsenopyrite | P134: Redmoor
A135: 115 | B135: 47.67 | C135: 0 | D135: 20.3 | E135: 0 | F135: 0 | G135: 0 | H135: 35.75 | I135: 0 | J135: 0.0075 | K135: 0 | L135: 0 | M135: 0.0806 | N135: 103.808 | O135: 206-208. | P135: Redmoor
A136: 44 | B136: 47.85 | C136: 0 | D136: 19.33 | E136: 0.0068 | F136: 0.0376 | G136: 0 | H136: 35.66 | I136: 0 | J136: 0 | K136: 0 | L136: 0 | M136: 0.0708 | N136: 102.9551 | O136: 21-315.6 arsenopyrite | P136: Redmoor
A137: 39 | B137: 46.55 | C137: 0 | D137: 20.88 | E137: 0.0035 | F137: 0.0056 | G137: 0 | H137: 35.64 | I137: 0 | J137: 0.013 | K137: 0 | L137: 0 | M137: 0.0863 | N137: 103.1784 | O137: 21-315.6 arsenopyrite | P137: Redmoor
A138: 99 | B138: 48.47 | C138: 0 | D138: 19.4 | E138: 0.0323 | F138: 0 | G138: 0 | H138: 35.6 | I138: 0 | J138: 0 | K138: 0 | L138: 0 | M138: 0.0887 | N138: 103.591 | O138: 206-208. | P138: Redmoor
A139: 160 | B139: 48.95 | C139: 0 | D139: 18.94 | E139: 0 | F139: 0 | G139: 0.0029 | H139: 35.51 | I139: 0 | J139: 0.0006 | K139: 0 | L139: 0 | M139: 0.0568 | N139: 103.4602 | O139: 202 | P139: Redmoor
A140: 40 | B140: 47.65 | C140: 0 | D140: 19.53 | E140: 0 | F140: 0 | G140: 0 | H140: 35.47 | I140: 0 | J140: 0 | K140: 0 | L140: 0 | M140: 0.0805 | N140: 102.7304 | O140: 21-315.6 arsenopyrite | P140: Redmoor
A141: 159 | B141: 47.93 | C141: 0 | D141: 19.65 | E141: 0 | F141: 0 | G141: 0.0001 | H141: 35.39 | I141: 0 | J141: 0 | K141: 0 | L141: 0.0028 | M141: 0.0815 | N141: 103.0543 | O141: 202 | P141: Redmoor
A142: 92 | B142: 49.88 | C142: 0 | D142: 18.57 | E142: 0 | F142: 0 | G142: 0 | H142: 35.32 | I142: 0 | J142: 0.013 | K142: 0 | L142: 0 | M142: 0.0676 | N142: 103.8505 | O142: 206-208. | P142: Redmoor
A143: 117 | B143: 48.47 | C143: 0 | D143: 19.29 | E143: 0 | F143: 0 | G143: 0 | H143: 35.07 | I143: 0 | J143: 0.0199 | K143: 0 | L143: 0.016 | M143: 0.09 | N143: 102.9558 | O143: 206-208. | P143: Redmoor
A144: 158 | B144: 49.12 | C144: 0 | D144: 18.84 | E144: 0.0105 | F144: 0 | G144: 0 | H144: 34.99 | I144: 0 | J144: 0 | K144: 0 | L144: 0.0021 | M144: 0.0853 | N144: 103.0478 | O144: 202 | P144: Redmoor
A145: 116 | B145: 48.32 | C145: 0 | D145: 19.43 | E145: 0 | F145: 0 | G145: 0.0028 | H145: 34.82 | I145: 0 | J145: 0 | K145: 0 | L145: 0 | M145: 0.1022 | N145: 102.6749 | O145: 206-208. | P145: Redmoor
A146: 162 | B146: 54.36 | C146: 0 | D146: 15.43 | E146: 0 | F146: 0 | G146: 0 | H146: 34.08 | I146: 0 | J146: 0 | K146: 0 | L146: 0.0089 | M146: 0.0657 | N146: 103.9445 | O146: 202 | P146: Redmoor
A147: 44 | B147: 46.99 | C147: 0 | D147: 19.98 | E147: 0 | F147: 0 | G147: 0 | H147: 34.07 | I147: 0 | J147: 0 | K147: 0 | L147: 0 | M147: 0.093 | N147: 101.1329 | O147: HD-03 ? | P147: Hingston Down
A148: 39 | B148: 47.66 | C148: 0 | D148: 19.49 | E148: 0 | F148: 0 | G148: 0 | H148: 33.71 | I148: 0.0025 | J148: 0 | K148: 0 | L148: 0.0129 | M148: 0.0807 | N148: 100.9561 | O148: HD-03 ccp | P148: Hingston Down
A149: 40 | B149: 48.33 | C149: 0 | D149: 18.95 | E149: 0 | F149: 0 | G149: 0 | H149: 33.8 | I149: 0 | J149: 0.0055 | K149: 0 | L149: 0 | M149: 0.1004 | N149: 101.1859 | O149: HD-03 ccp | P149: Hingston Down
A150: 35 | B150: 48.47 | C150: 0 | D150: 19.22 | E150: 0 | F150: 0.0762 | G150: 0 | H150: 33.92 | I150: 0 | J150: 0.0145 | K150: 0 | L150: 0.7828 | M150: 0.0991 | N150: 102.5826 | O150: MP-04-? | P150: Red-a-Ven
A151: 41 | B151: 48.84 | C151: 0 | D151: 18.63 | E151: 0.0037 | F151: 0 | G151: 0 | H151: 33.48 | I151: 0 | J151: 0.0029 | K151: 0 | L151: 0.0133 | M151: 0.0887 | N151: 101.0585 | O151: HD-03 ccp | P151: Hingston Down
A152: 8 | B152: 45.91 | C152: 0 | D152: 21.44 | E152: 0 | F152: 0.0173 | G152: 0 | H152: 35.6 | I152: 0 | J152: 0 | K152: 0 | L152: 0 | M152: 0.0943 | N152: 103.0615 | O152: DGC-04 apy | P152: Devon Great Consols
A153: 9 | B153: 46.21 | C153: 0 | D153: 21.23 | E153: 0 | F153: 0.003 | G153: 0 | H153: 35.95 | I153: 0 | J153: 0 | K153: 0 | L153: 0 | M153: 0.0783 | N153: 103.4713 | O153: DGC-04 apy | P153: Devon Great Consols
A154: 31 | B154: 44.4 | C154: 0 | D154: 21.86 | E154: 0 | F154: 0.52 | G154: 0 | H154: 36.07 | I154: 0 | J154: 0 | K154: 0 | L154: 0 | M154: 0.0619 | N154: 102.9118 | O154: DA-01 apy | P154: East Caradon
A155: 34 | B155: 44.45 | C155: 0 | D155: 21.87 | E155: 0.0013 | F155: 0.2632 | G155: 0 | H155: 35.82 | I155: 0 | J155: 0 | K155: 0 | L155: 0 | M155: 0.0756 | N155: 102.48 | O155: DA-01 apy | P155: East Caradon
A156: 32 | B156: 44.32 | C156: 0 | D156: 21.85 | E156: 0.0077 | F156: 0.5037 | G156: 0 | H156: 35.73 | I156: 0 | J156: 0 | K156: 0 | L156: 0.0017 | M156: 0.0909 | N156: 102.5039 | O156: DA-01 apy | P156: East Caradon
A157: 6 | B157: 46.27 | C157: 0 | D157: 21.18 | E157: 0 | F157: 0.0534 | G157: 0 | H157: 35.92 | I157: 0 | J157: 0.0041 | K157: 0 | L157: 0.0213 | M157: 0.0814 | N157: 103.5301 | O157: DGC-04 apy | P157: Devon Great Consols
A158: 33 | B158: 45.63 | C158: 0 | D158: 21.45 | E158: 0 | F158: 0.1189 | G158: 0.0006 | H158: 36.03 | I158: 0 | J158: 0.0156 | K158: 0 | L158: 0.0012 | M158: 0.0663 | N158: 103.3125 | O158: DA-01 apy | P158: East Caradon
... A248: 27 | B248: 49.34 | C248: 0 | D248: 19.74 | E248: 0 | F248: 0.0035 | G248: 0 | H248: 35.19 | I248: 0 | J248: 0.0083 | K248: 0 | L248: 0.0113 | M248: 0 | N248: 104.293 | O248: CW-06 apy | P248: Great Condurrow

Sheet Pyrite
A1: No. | B1: As | C1: Ga | D1: S | E1: Ag | F1: Sb | G1: Cd | H1: Fe | I1: In | J1: Cu | K1: Sn | L1: Zn | M1: Pb | N1: Total | O1: Sample | P1: Location
A2: 30 | B2: 0.0032 | C2: 0 | D2: 54.11 | E2: 0.0198 | F2: 0.0008 | G2: 0 | H2: 49.1 | I2: 0.0013 | J2: 0.0084 | K2: 0 | L2: 0 | M2: 0.1752 | N2: 103.4186 | O2: 21-315.6 pyrite | P2: Redmoor
A3: 28 | B3: 0.0584 | C3: 0 | D3: 54.44 | E3: 0.0173 | F3: 0 | G3: 0 | H3: 48.72 | I3: 0 | J3: 0.0551 | K3: 0 | L3: 0 | M3: 0.2004 | N3: 103.4911 | O3: 21-315.6 pyrite | P3: Redmoor
A4: 29 | B4: 0.0135 | C4: 0 | D4: 54.49 | E4: 0.0088 | F4: 0 | G4: 0 | H4: 48.62 | I4: 0 | J4: 0.0216 | K4: 0 | L4: 0 | M4: 0.1891 | N4: 103.3429 | O4: 21-315.6 pyrite | P4: Redmoor
A5: 36 | B5: 0.0136 | C5: 0 | D5: 54.3 | E5: 0.0029 | F5: 0 | G5: 0 | H5: 48.26 | I5: 0.0003 | J5: 0 | K5: 0 | L5: 0.0019 | M5: 0.1761 | N5: 102.7547 | O5: 21-315.6 pyrite | P5: Redmoor
A6: 10 | B6: 0.1416 | C6: 0 | D6: 54.24 | E6: 0.0196 | F6: 0.0041 | G6: 0 | H6: 47.97 | I6: 0 | J6: 0.0191 | K6: 0 | L6: 0 | M6: 0.2393 | N6: 102.6337 | O6: 21-315.6 pyrite | P6: Redmoor
A7: 37 | B7: 0.0068 | C7: 0 | D7: 54.08 | E7: 0.0121 | F7: 0.0053 | G7: 0 | H7: 47.92 | I7: 0.0027 | J7: 0.0041 | K7: 0 | L7: 0.0024 | M7: 0.1745 | N7: 102.2078 | O7: 21-315.6 pyrite | P7: Redmoor
A8: 61 | B8: 0.0001 | C8: 0 | D8: 54.28 | E8: 0 | F8: 0 | G8: 0 | H8: 48.24 | I8: 0 | J8: 0 | K8: 0 | L8: 0 | M8: 0.2077 | N8: 102.7277 | O8: 29-636 pyrite | P8: Redmoor
A9: 49 | B9: 0 | C9: 0 | D9: 54.3 | E9: 0.0043 | F9: 0 | G9: 0 | H9: 48.2 | I9: 0 | J9: 0.1376 | K9: 0 | L9: 0.0205 | M9: 0.2069 | N9: 102.8693 | O9: 29-636 pyrite | P9: Redmoor
A10: 62 | B10: 0 | C10: 0 | D10: 54.18 | E10: 0.0085 | F10: 0.0101 | G10: 0 | H10: 48.37 | I10: 0 | J10: 0.0263 | K10: 0 | L10: 0.0005 | M10: 0.2012 | N10: 102.7966 | O10: 29-636. | P10: Redmoor
A11: 90 | B11: 0.0011 | C11: 0 | D11: 54.23 | E11: 0.0084 | F11: 0.0108 | G11: 0 | H11: 48.16 | I11: 0.0011 | J11: 0.003 | K11: 0 | L11: 0 | M11: 0.213 | N11: 102.6273 | O11: 29-636. | P11: Redmoor
A12: 77 | B12: 0.0045 | C12: 0 | D12: 53.96 | E12: 0.0067 | F12: 0 | G12: 0 | H12: 48.1 | I12: 0 | J12: 0.021 | K12: 0 | L12: 0 | M12: 0.2101 | N12: 102.3022 | O12: 29-636. | P12: Redmoor
A13: 86 | B13: 0.006 | C13: 0 | D13: 53.83 | E13: 0 | F13: 0.0004 | G13: 0 | H13: 47.85 | I13: 0 | J13: 0.0718 | K13: 0 | L13: 0.0014 | M13: 0.3563 | N13: 102.1159 | O13: 29-636. | P13: Redmoor
... A354: 40 | B354: 0.1334 | C354: 0 | D354: 55.22 | E354: 0.0094 | F354: 0 | G354: 0 | H354: 45.64 | I354: 0 | J354: 0.0033 | K354: 0 | L354: 0.0117 | M354: 0.18 | N354: 101.1978 | O354: WE 01A pyrite | P354: Wheal Exmouth

Sheet Pyrrhotite
A1: No. | B1: As | C1: Ga | D1: S | E1: Ag | F1: Sb | G1: Cd | H1: Fe | I1: In | J1: Cu | K1: Sn | L1: Zn | M1: Pb | N1: Total | O1: Sample | P1: Location
A2: 37 | B2: 0.0204 | C2: 0 | D2: 39.44 | E2: 0.013 | F2: 0.0067 | G2: 0 | H2: 63.09 | I2: 0 | J2: 0.0281 | K2: 0 | L2: 0.0067 | M2: 0.1272 | N2: 102.732 | O2: RM82-21-273 pyrrhotite? | P2: Redmoor
A3: 38 | B3: 0.024 | C3: 0 | D3: 39.61 | E3: 0.013 | F3: 0 | G3: 0 | H3: 62.58 | I3: 0 | J3: 0 | K3: 0 | L3: 0.0265 | M3: 0.1444 | N3: 102.3979 | O3: RM82-21-273 pyrrhotite? | P3: Redmoor
A4: 29 | B4: 0.0372 | C4: 0 | D4: 40.22 | E4: 0.0072 | F4: 0.0083 | G4: 0 | H4: 61.93 | I4: 0 | J4: 0.0237 | K4: 0 | L4: 0 | M4: 0.1383 | N4: 102.3646 | O4: RM82-21-273 pyrite | P4: Redmoor
A5: 91 | B5: 0.0119 | C5: 0 | D5: 40.5 | E5: 0.0111 | F5: 0 | G5: 0 | H5: 61.79 | I5: 0 | J5: 0.0098 | K5: 0 | L5: 0 | M5: 0.1731 | N5: 102.4959 | O5: MP-1 pyrrhotite | P5: Red-a-Ven
A6: 50 | B6: 0.0219 | C6: 0 | D6: 40.61 | E6: 0.015 | F6: 0.0046 | G6: 0 | H6: 61.6 | I6: 0 | J6: 0 | K6: 0 | L6: 0.0143 | M6: 0.1472 | N6: 102.4129 | O6: MP-2 pyrrhotite? | P6: Red-a-Ven
A7: 48 | B7: 0.0127 | C7: 0 | D7: 40.66 | E7: 0.0188 | F7: 0 | G7: 0 | H7: 61.59 | I7: 0 | J7: 0 | K7: 0 | L7: 0.0014 | M7: 0.1481 | N7: 102.4309 | O7: MP-2 pyrrhotite? | P7: Red-a-Ven
A8: 40 | B8: 0.0076 | C8: 0 | D8: 40.35 | E8: 0.0058 | F8: 0 | G8: 0 | H8: 61.57 | I8: 0 | J8: 0.0133 | K8: 0 | L8: 0 | M8: 0.1663 | N8: 102.1129 | O8: MP-2 pyrite | P8: Red-a-Ven
A9: 92 | B9: 0.0079 | C9: 0 | D9: 40.44 | E9: 0.0183 | F9: 0 | G9: 0 | H9: 61.55 | I9: 0 | J9: 0.0201 | K9: 0 | L9: 0.012 | M9: 0.1389 | N9: 102.1871 | O9: MP-1 pyrrhotite | P9: Red-a-Ven
A10: 47 | B10: 0.015 | C10: 0 | D10: 40.45 | E10: 0.0034 | F10: 0 | G10: 0 | H10: 61.44 | I10: 0 | J10: 0.0105 | K10: 0 | L10: 0.0134 | M10: 0.1658 | N10: 102.098 | O10: MP-2 pyrrhotite? | P10: Red-a-Ven
A11: 39 | B11: 0.0121 | C11: 0 | D11: 40.57 | E11: 0.0219 | F11: 0.0062 | G11: 0 | H11: 61.43 | I11: 0 | J11: 0.0062 | K11: 0 | L11: 0 | M11: 0.1598 | N11: 102.2061 | O11: MP-2 pyrite | P11: Red-a-Ven
A12: 49 | B12: 0.0046 | C12: 0 | D12: 40.39 | E12: 0.0296 | F12: 0 | G12: 0 | H12: 61.43 | I12: 0.0012 | J12: 0 | K12: 0 | L12: 0.0002 | M12: 0.1544 | N12: 102.0099 | O12: MP-2 pyrrhotite? | P12: Red-a-Ven
A13: 75 | B13: 0.0025 | C13: 0 | D13: 40.36 | E13: 0.0071 | F13: 0 | G13: 0 | H13: 61.29 | I13: 0 | J13: 0 | K13: 0 | L13: 0 | M13: 0.1681 | N13: 101.8276 | O13: MP-1 pyrrhotite | P13: Red-a-Ven
... A23: 25 | B23: 0.0131 | C23: 0 | D23: 40.36 | E23: 0.002 | F23: 0 | G23: 0 | H23: 59.22 | I23: 0 | J23: 0.0079 | K23: 0 | L23: 0 | M23: 0.176 | N23: 99.7791 | O23: MP-04-? | P23: Red-a-Ven
A24: 95 | B24: 0.0328 | C24: 0 | D24: 41.3 | E24: 0.0163 | F24: 0 | G24: 0 | H24: 59.18 | I24: 0.0007 | J24: 0.003 | K24: 0 | L24: 0 | M24: 0.1328 | N24: 100.6655 | O24: WD02-ccp | P24: Wilsey Down | Q24: =H24+L24 -> 59.18
A25: 96 | B25: 0.014 | C25: 0 | D25: 41.54 | E25: 0.0072 | F25: 0 | G25: 0 | H25: 58.44 | I25: 0.0019 | J25: 0.0052 | K25: 0 | L25: 0 | M25: 0.1217 | N25: 100.1299 | O25: WD02-ccp | P25: Wilsey Down | Q25: =H25+L25 -> 58.44

Sheet Chalcopyrite
A1: No. | B1: As | C1: Ga | D1: S | E1: Ag | F1: Sb | G1: Cd | H1: Fe | I1: In | J1: Cu | K1: Sn | L1: Zn | M1: Pb | N1: Total | O1: Sample | P1: Location | Q1: In (corrected) | S1: N | T1: Zn [max] | U1: Zn [ave] | V1: In [max] | W1: In [ave] | X1: Std.dev.
A2: 1 | B2: 0 | C2: 0 | D2: 35.7 | E2: 0.0156 | F2: 0 | G2: 0 | H2: 31.82 | I2: 0.0607 | J2: 35.3 | K2: 0 | L2: 0.0558 | M2: 0.1364 | N2: 103.0884 | O2: 3JD1 chalcopyrite | P2: Wheal Fortune | Q2: =I2-(K2*Standards!$I$15) -> 0.0607 | R2: Wheal Fortune | S2: =COUNT(Q2:Q64) -> 63 | T2: =MAX(L2:L64) -> 0.5924 | U2: =AVERAGE(L2:L64) -> 0.062628571 | V2: =10000*MAX(Q2:Q64) -> 1519 | W2: =10000*AVERAGE(Q2:Q64) -> 602.07937 | X2: =10000*STDEV(Q2:Q64) -> 376.84746
A3: 12 | B3: 0 | C3: 0 | D3: 35.48 | E3: 0.0449 | F3: 0 | G3: 0 | H3: 31.38 | I3: 0.1025 | J3: 35.24 | K3: 0 | L3: 0.0203 | M3: 0.1399 | N3: 102.4076 | O3: 3JD1 chalcopyrite | P3: Wheal Fortune | Q3: =I3-(K3*Standards!$I$15) -> 0.1025
A4: 23 | B4: 0.0002 | C4: 0 | D4: 35.29 | E4: 0.053 | F4: 0 | G4: 0 | H4: 31.44 | I4: 0.0874 | J4: 35.19 | K4: 0 | L4: 0.0397 | M4: 0.1133 | N4: 102.2136 | O4: 3JD1 chalcopyrite | P4: Wheal Fortune | Q4: =I4-(K4*Standards!$I$15) -> 0.0874
A5: 27 | B5: 0 | C5: 0 | D5: 35.4 | E5: 0.0378 | F5: 0 | G5: 0 | H5: 31.36 | I5: 0.1119 | J5: 35.12 | K5: 0 | L5: 0.0572 | M5: 0.1352 | N5: 102.2221 | O5: 3JD1 chalcopyrite | P5: Wheal Fortune | Q5: =I5-(K5*Standards!$I$15) -> 0.1119
A6: 39 | B6: 0 | C6: 0 | D6: 35.53 | E6: 0.0395 | F6: 0 | G6: 0 | H6: 31.47 | I6: 0.0958 | J6: 35.1 | K6: 0 | L6: 0.0417 | M6: 0.14 | N6: 102.4169 | O6: 3JD1 chalcopyrite | P6: Wheal Fortune | Q6: =I6-(K6*Standards!$I$15) -> 0.0958
A7: 20 | B7: 0 | C7: 0 | D7: 35.13 | E7: 0.0362 | F7: 0 | G7: 0 | H7: 31.2 | I7: 0.0995 | J7: 35.09 | K7: 0 | L7: 0.0491 | M7: 0.1464 | N7: 101.7512 | O7: 3JD1 chalcopyrite | P7: Wheal Fortune | Q7: =I7-(K7*Standards!$I$15) -> 0.0995
A8: 3 | B8: 0 | C8: 0 | D8: 35.74 | E8: 0.0243 | F8: 0 | G8: 0 | H8: 31.48 | I8: 0.0712 | J8: 35.09 | K8: 0 | L8: 0.0254 | M8: 0.1344 | N8: 102.5652 | O8: 3JD1 chalcopyrite | P8: Wheal Fortune | Q8: =I8-(K8*Standards!$I$15) -> 0.0712
A9: 26 | B9: 0 | C9: 0 | D9: 35.4 | E9: 0.0515 | F9: 0 | G9: 0 | H9: 31.36 | I9: 0.0964 | J9: 35.07 | K9: 0 | L9: 0.044 | M9: 0.1593 | N9: 102.1811 | O9: 3JD1 chalcopyrite | P9: Wheal Fortune | Q9: =I9-(K9*Standards!$I$15) -> 0.0964
A10: 24 | B10: 0 | C10: 0 | D10: 35.5 | E10: 0.0235 | F10: 0 | G10: 0 | H10: 31.37 | I10: 0.065 | J10: 35.07 | K10: 0 | L10: 0.0163 | M10: 0.1296 | N10: 102.1743 | O10: 3JD1 chalcopyrite | P10: Wheal Fortune | Q10: =I10-(K10*Standards!$I$15) -> 0.065
A11: 46 | B11: 0 | C11: 0 | D11: 35.44 | E11: 0.0347 | F11: 0 | G11: 0 | H11: 31.2 | I11: 0.0991 | J11: 35.06 | K11: 0 | L11: 0.0553 | M11: 0.1209 | N11: 102.0099 | O11: 3JD1 chalcopyrite | P11: Wheal Fortune | Q11: =I11-(K11*Standards!$I$15) -> 0.0991
A12: 28 | B12: 0 | C12: 0 | D12: 35.47 | E12: 0.0448 | F12: 0 | G12: 0 | H12: 31.39 | I12: 0.1048 | J12: 35.06 | K12: 0 | L12: 0.0235 | M12: 0.1488 | N12: 102.2418 | O12: 3JD1 chalcopyrite | P12: Wheal Fortune | Q12: =I12-(K12*Standards!$I$15) -> 0.1048
A13: 41 | B13: 0 | C13: 0 | D13: 35.59 | E13: 0.0288 | F13: 0 | G13: 0 | H13: 31.24 | I13: 0.093 | J13: 35.05 | K13: 0 | L13: 0.0483 | M13: 0.1229 | N13: 102.173 | O13: 3JD1 chalcopyrite | P13: Wheal Fortune | Q13: =I13-(K13*Standards!$I$15) -> 0.093
A14: 22 | B14: 0.0102 | C14: 0 | D14: 35.46 | E14: 0.0678 | F14: 0 | G14: 0 | H14: 31.23 | I14: 0.0921 | J14: 35.05 | K14: 0 | L14: 0.0287 | M14: 0.1408 | N14: 102.0795 | O14: 3JD1 chalcopyrite | P14: Wheal Fortune | Q14: =I14-(K14*Standards!$I$15) -> 0.0921
... A64: 27 | B64: 0 | C64: 0 | D64: 35.43 | E64: 0.0564 | F64: 0 | G64: 0 | H64: 30.63 | I64: 0.0209 | J64: 34.06 | K64: 0 | L64: 0.1586 | M64: 0.146 | N64: 100.5018 | O64: 3JD4-pyrite | P64: Wheal Fortune | Q64: =I64-(K64*Standards!$I$15) -> 0.0209
A65: 25 | B65: 0 | C65: 0 | D65: 35.52 | E65: 0 | F65: 0 | G65: 0 | H65: 30.96 | I65: 0.0444 | J65: 34.76 | K65: 0 | L65: 0.0466 | M65: 0.1107 | N65: 101.4416 | O65: CL-02 chalcopyrite | P65: Cligga Head | Q65: =I65-(K65*Standards!$I$15) -> 0.0444 | R65: Cligga Head | S65: =COUNT(Q65:Q131) -> 67 | T65: =MAX(L65:L131) -> 0.1477 | U65: =AVERAGE(L65:L131) -> 0.033013433 | V65: =10000*MAX(Q65:Q131) -> 539 | W65: =10000*AVERAGE(Q65:Q131) -> 339.71642 | X65: =10000*STDEV(Q65:Q100) -> 42.435497
A66: 23 | B66: 0 | C66: 0 | D66: 35.45 | E66: 0 | F66: 0.01 | G66: 0 | H66: 31.18 | I66: 0.0426 | J66: 34.58 | K66: 0 | L66: 0.0107 | M66: 0.15 | N66: 101.4232 | O66: CL-02 chalcopyrite | P66: Cligga Head | Q66: =I66-(K66*Standards!$I$15) -> 0.0426
A67: 24 | B67: 0 | C67: 0 | D67: 35.53 | E67: 0.0036 | F67: 0 | G67: 0 | H67: 30.9 | I67: 0.0444 | J67: 34.56 | K67: 0 | L67: 0.0392 | M67: 0.1366 | N67: 101.2138 | O67: CL-02 chalcopyrite | P67: Cligga Head | Q67: =I67-(K67*Standards!$I$15) -> 0.0444
A68: 34 | B68: 0 | C68: 0 | D68: 35.34 | E68: 0.0047 | F68: 0 | G68: 0 | H68: 31.01 | I68: 0.0477 | J68: 34.44 | K68: 0 | L68: 0.0461 | M68: 0.1076 | N68: 100.996 | O68: CL-02 chalcopyrite | P68: Cligga Head | Q68: =I68-(K68*Standards!$I$15) -> 0.0477
A69: 22 | B69: 0 | C69: 0 | D69: 35.44 | E69: 0.0008 | F69: 0 | G69: 0 | H69: 31.08 | I69: 0.048 | J69: 34.42 | K69: 0 | L69: 0.0283 | M69: 0.1205 | N69: 101.1375 | O69: CL-02 chalcopyrite | P69: Cligga Head | Q69: =I69-(K69*Standards!$I$15) -> 0.048
A70: 29 | B70: 0 | C70: 0 | D70: 35.36 | E70: 0.0071 | F70: 0 | G70: 0 | H70: 31.11 | I70: 0.0366 | J70: 34.38 | K70: 0 | L70: 0.0327 | M70: 0.1165 | N70: 101.0428 | O70: CL-02 chalcopyrite | P70: Cligga Head | Q70: =I70-(K70*Standards!$I$15) -> 0.0366
A71: 31 | B71: 0 | C71: 0 | D71: 35.35 | E71: 0 | F71: 0 | G71: 0 | H71: 31.07 | I71: 0.0382 | J71: 34.36 | K71: 0 | L71: 0.0283 | M71: 0.1164 | N71: 100.9628 | O71: CL-02 chalcopyrite | P71: Cligga Head | Q71: =I71-(K71*Standards!$I$15) -> 0.0382
A72: 21 | B72: 0 | C72: 0 | D72: 35.39 | E72: 0.0028 | F72: 0 | G72: 0 | H72: 30.96 | I72: 0.042 | J72: 34.35 | K72: 0 | L72: 0.045 | M72: 0.1332 | N72: 100.9229 | O72: CL-02 chalcopyrite | P72: Cligga Head | Q72: =I72-(K72*Standards!$I$15) -> 0.042
A73: 15 | B73: 0 | C73: 0 | D73: 35.65 | E73: 0.0021 | F73: 0.0077 | G73: 0 | H73: 31.07 | I73: 0.0427 | J73: 34.34 | K73: 0 | L73: 0.0337 | M73: 0.1087 | N73: 101.2549 | O73: CL-02 chalcopyrite | P73: Cligga Head | Q73: =I73-(K73*Standards!$I$15) -> 0.0427
A74: 32 | B74: 0 | C74: 0 | D74: 35.59 | E74: 0 | F74: 0 | G74: 0 | H74: 31.25 | I74: 0.0385 | J74: 34.33 | K74: 0 | L74: 0.0477 | M74: 0.1131 | N74: 101.3692 | O74: CL-02 chalcopyrite | P74: Cligga Head | Q74: =I74-(K74*Standards!$I$15) -> 0.0385
A75: 20 | B75: 0.0057 | C75: 0 | D75: 35.35 | E75: 0.0096 | F75: 0 | G75: 0 | H75: 30.85 | I75: 0.0395 | J75: 34.31 | K75: 0 | L75: 0.0109 | M75: 0.1209 | N75: 100.6966 | O75: CL-02 chalcopyrite | P75: Cligga Head | Q75: =I75-(K75*Standards!$I$15) -> 0.0395
A76: 30 | B76: 0 | C76: 0 | D76: 35.46 | E76: 0.0071 | F76: 0 | G76: 0 | H76: 30.92 | I76: 0.0376 | J76: 34.3 | K76: 0 | L76: 0.0075 | M76: 0.1409 | N76: 100.873 | O76: CL-02 chalcopyrite | P76: Cligga Head | Q76: =I76-(K76*Standards!$I$15) -> 0.0376
A77: 33 | B77: 0 | C77: 0 | D77: 35.4 | E77: 0 | F77: 0 | G77: 0 | H77: 31.18 | I77: 0.0407 | J77: 34.27 | K77: 0 | L77: 0.0645 | M77: 0.1105 | N77: 101.0656 | O77: CL-02 chalcopyrite | P77: Cligga Head | Q77: =I77-(K77*Standards!$I$15) -> 0.0407
... A100: 28 | B100: 0 | C100: 0 | D100: 35.31 | E100: 0 | F100: 0.0062 | G100: 0 | H100: 31.22 | I100: 0.05 | J100: 34.42 | K100: 0 | L100: 0.0423 | M100: 0.131 | N100: 101.1794 | O100: CL-02 pyrite | P100: Cligga Head | Q100: =I100-(K100*Standards!$I$15) -> 0.05
A101: 118 | B101: 0 | C101: 0 | D101: 35.78 | E101: 0.0107 | F101: 0 | G101: 0 | H101: 31.16 | I101: 0.0279 | J101: 34.75 | K101: 0 | L101: 0.0309 | M101: 0.1193 | N101: 101.8787 | O101: CL-03 chalcopyrite | P101: Cligga Head | Q101: =I101-(K101*Standards!$I$15) -> 0.0279 | S101: =COUNT(Q101:Q128) -> 28 | W101: =10000*AVERAGE(Q101:Q128) -> 257.71429 | X101: =10000*STDEV(Q101:Q128) -> 39.105609
A102: 131 | B102: 0 | C102: 0 | D102: 35.61 | E102: 0 | F102: 0 | G102: 0 | H102: 31.28 | I102: 0.0338 | J102: 34.74 | K102: 0 | L102: 0.035 | M102: 0.1088 | N102: 101.8076 | O102: CL-03 chalcopyrite | P102: Cligga Head | Q102: =I102-(K102*Standards!$I$15) -> 0.0338
A103: 130 | B103: 0 | C103: 0 | D103: 35.55 | E103: 0 | F103: 0.0003 | G103: 0 | H103: 31.25 | I103: 0.0204 | J103: 34.71 | K103: 0 | L103: 0.0291 | M103: 0.1111 | N103: 101.6708 | O103: CL-03 chalcopyrite | P103: Cligga Head | Q103: =I103-(K103*Standards!$I$15) -> 0.0204
A104: 114 | B104: 0 | C104: 0 | D104: 35.62 | E104: 0.0021 | F104: 0 | G104: 0.0004 | H104: 31.25 | I104: 0.0207 | J104: 34.7 | K104: 0 | L104: 0.0386 | M104: 0.1136 | N104: 101.7453 | O104: CL-03 chalcopyrite | P104: Cligga Head | Q104: =I104-(K104*Standards!$I$15) -> 0.0207
A105: 117 | B105: 0 | C105: 0 | D105: 35.54 | E105: 0.0012 | F105: 0 | G105: 0 | H105: 31.18 | I105: 0.0214 | J105: 34.66 | K105: 0 | L105: 0.0188 | M105: 0.0953 | N105: 101.5166 | O105: CL-03 chalcopyrite | P105: Cligga Head | Q105: =I105-(K105*Standards!$I$15) -> 0.0214
A106: 127 | B106: 0 | C106: 0 | D106: 35.59 | E106: 0 | F106: 0 | G106: 0 | H106: 30.91 | I106: 0.0267 | J106: 34.63 | K106: 0 | L106: 0.0547 | M106: 0.1248 | N106: 101.3362 | O106: CL-03 chalcopyrite | P106: Cligga Head | Q106: =I106-(K106*Standards!$I$15) -> 0.0267
A107: 126 | B107: 0 | C107: 0 | D107: 35.51 | E107: 0 | F107: 0 | G107: 0 | H107: 31.03 | I107: 0.0205 | J107: 34.62 | K107: 0 | L107: 0.0354 | M107: 0.1436 | N107: 101.3594 | O107: CL-03 chalcopyrite | P107: Cligga Head | Q107: =I107-(K107*Standards!$I$15) -> 0.0205
A108: 116 | B108: 0 | C108: 0 | D108: 35.62 | E108: 0 | F108: 0 | G108: 0.0009 | H108: 31.26 | I108: 0.0255 | J108: 34.61 | K108: 0 | L108: 0.022 | M108: 0.1231 | N108: 101.6614 | O108: CL-03 chalcopyrite | P108: Cligga Head | Q108: =I108-(K108*Standards!$I$15) -> 0.0255
A109: 124 | B109: 0 | C109: 0 | D109: 35.4 | E109: 0.0125 | F109: 0 | G109: 0 | H109: 31.35 | I109: 0.0306 | J109: 34.61 | K109: 0 | L109: 0 | M109: 0.1095 | N109: 101.5126 | O109: CL-03 chalcopyrite | P109: Cligga Head | Q109: =I109-(K109*Standards!$I$15) -> 0.0306
A110: 125 | B110: 0 | C110: 0 | D110: 35.49 | E110: 0.015 | F110: 0 | G110: 0.0003 | H110: 31.09 | I110: 0.0229 | J110: 34.56 | K110: 0 | L110: 0.0106 | M110: 0.1187 | N110: 101.3074 | O110: CL-03 chalcopyrite | P110: Cligga Head | Q110: =I110-(K110*Standards!$I$15) -> 0.0229
A111: 128 | B111: 0 | C111: 0 | D111: 35.52 | E111: 0 | F111: 0 | G111: 0 | H111: 31.34 | I111: 0.0213 | J111: 34.55 | K111: 0 | L111: 0.0162 | M111: 0.157 | N111: 101.6044 | O111: CL-03 chalcopyrite | P111: Cligga Head | Q111: =I111-(K111*Standards!$I$15) -> 0.0213
A112: 129 | B112: 0 | C112: 0 | D112: 35.53 | E112: 0.0093 | F112: 0 | G112: 0.005 | H112: 31.32 | I112: 0.0287 | J112: 34.49 | K112: 0 | L112: 0.0401 | M112: 0.1289 | N112: 101.552 | O112: CL-03 chalcopyrite | P112: Cligga Head | Q112: =I112-(K112*Standards!$I$15) -> 0.0287
A113: 115 | B113: 0 | C113: 0 | D113: 35.59 | E113: 0.0042 | F113: 0 | G113: 0 | H113: 31.15 | I113: 0.0278 | J113: 34.46 | K113: 0 | L113: 0.0317 | M113: 0.1086 | N113: 101.3722 | O113: CL-03 chalcopyrite | P113: Cligga Head | Q113: =I113-(K113*Standards!$I$15) -> 0.0278
... A128: 4 | B128: 0 | C128: 0 | D128: 35.32 | E128: 0.0108 | F128: 0 | G128: 0 | H128: 31.11 | I128: 0.0226 | J128: 34.4 | K128: 0 | L128: 0.0292 | M128: 0.1143 | N128: 101.0068 | O128: CL-03 Chalcopyrite | P128: Cligga Head | Q128: =I128-(K128*Standards!$I$15) -> 0.0226
A129: 110 | B129: 0.0053 | C129: 0 | D129: 35.47 | E129: 0.0459 | F129: 0 | G129: 0 | H129: 31.05 | I129: 0.0234 | J129: 34.58 | K129: 0 | L129: 0.1477 | M129: 0.1144 | N129: 101.4366 | O129: CL-10 chalcopyrite | P129: Cligga Head | Q129: =I129-(K129*Standards!$I$15) -> 0.0234 | W129: =10000*AVERAGE(Q129:Q131) -> 79.666667
A130: 81 | B130: 0.0216 | C130: 0 | D130: 35.51 | E130: 0.0936 | F130: 0 | G130: 0 | H130: 31.13 | I130: 0.0005 | J130: 34.56 | K130: 0 | L130: 0.0802 | M130: 0.1456 | N130: 101.5415 | O130: CL-10 chalcopyrite | P130: Cligga Head | Q130: =I130-(K130*Standards!$I$15) -> 0.0005
A131: 80 | B131: 0.0178 | C131: 0 | D131: 35.53 | E131: 0.0836 | F131: 0 | G131: 0 | H131: 31.06 | I131: 0 | J131: 34.55 | K131: 0 | L131: 0.0409 | M131: 0.1364 | N131: 101.4186 | O131: CL-10 chalcopyrite | P131: Cligga Head | Q131: =I131-(K131*Standards!$I$15) -> 0
A132: 33 | B132: 0.0211 | C132: 0 | D132: 35.23 | E132: 0.0111 | F132: 0 | G132: 0 | H132: 30.62 | I132: 0.2214 | J132: 32.83 | K132: 0 | L132: 0.5643 | M132: 0.131 | N132: 99.629 | O132: Crofty 13 chalcopyrite | P132: Dolcoath | Q132: =I132-(K132*Standards!$I$15) -> 0.2214 | R132: Dolcoath | S132: =COUNT(Q132:Q189,Q522:Q530) -> 67 | T132: =MAX(L132:L189,L522:L530) -> 0.5643 | U132: =AVERAGE(L132:L189,L522:L530) -> 0.056535821 | V132: =10000*MAX(Q132:Q189,Q522:Q530) -> 2214 | W132: =10000*AVERAGE(Q132:Q189,Q522:Q530) -> 648.01003
A133: 34 | B133: 0.0199 | C133: 0 | D133: 35.42 | E133: 0 | F133: 0 | G133: 0 | H133: 30.56 | I133: 0.1478 | J133: 32.86 | K133: 0 | L133: 0.0789 | M133: 0.1058 | N133: 99.1925 | O133: Crofty 13 chalcopyrite | P133: Dolcoath | Q133: =I133-(K133*Standards!$I$15) -> 0.1478
A134: 36 | B134: 0.0169 | C134: 0 | D134: 35.53 | E134: 0.0076 | F134: 0 | G134: 0 | H134: 31.26 | I134: 0.1425 | J134: 32.73 | K134: 0 | L134: 0.0315 | M134: 0.1313 | N134: 99.8499 | O134: Crofty 13 chalcopyrite | P134: Dolcoath | Q134: =I134-(K134*Standards!$I$15) -> 0.1425
A135: 20 | B135: 0.0336 | C135: 0 | D135: 35.46 | E135: 0.0029 | F135: 0 | G135: 0 | H135: 30.73 | I135: 0.1324 | J135: 32.77 | K135: 0 | L135: 0.0693 | M135: 0.1266 | N135: 99.3249 | O135: Crofty 13 chalcopyrite | P135: Dolcoath | Q135: =I135-(K135*Standards!$I$15) -> 0.1324
A136: 18 | B136: 0.0415 | C136: 0 | D136: 35.07 | E136: 0 | F136: 0 | G136: 0 | H136: 30.64 | I136: 0.1309 | J136: 32.45 | K136: 0 | L136: 0.0707 | M136: 0.1144 | N136: 98.5176 | O136: Crofty 13 chalcopyrite | P136: Dolcoath | Q136: =I136-(K136*Standards!$I$15) -> 0.1309
A137: 35 | B137: 0.026 | C137: 0 | D137: 35.33 | E137: 0.0039 | F137: 0 | G137: 0 | H137: 31.08 | I137: 0.1268 | J137: 32.44 | K137: 0 | L137: 0.0428 | M137: 0.1386 | N137: 99.1882 | O137: Crofty 13 chalcopyrite | P137: Dolcoath | Q137: =I137-(K137*Standards!$I$15) -> 0.1268
A138: 43 | B138: 0.0252 | C138: 0 | D138: 35.51 | E138: 0.0167 | F138: 0 | G138: 0 | H138: 30.92 | I138: 0.1262 | J138: 33.17 | K138: 0 | L138: 0.0492 | M138: 0.1287 | N138: 99.9461 | O138: Crofty 13 chalcopyrite | P138: Dolcoath | Q138: =I138-(K138*Standards!$I$15) -> 0.1262
A139: 19 | B139: 0.0311 | C139: 0 | D139: 35.16 | E139: 0.0154 | F139: 0 | G139: 0 | H139: 30.69 | I139: 0.1242 | J139: 32.58 | K139: 0 | L139: 0.1257 | M139: 0.119 | N139: 98.8455 | O139: Crofty 13 chalcopyrite | P139: Dolcoath | Q139: =I139-(K139*Standards!$I$15) -> 0.1242
A140: 25 | B140: 0.0144 | C140: 0 | D140: 35.56 | E140: 0.0126 | F140: 0 | G140: 0 | H140: 31.35 | I140: 0.1208 | J140: 32.63 | K140: 0 | L140: 0.0681 | M140: 0.1375 | N140: 99.8935 | O140: Crofty 13 chalcopyrite | P140: Dolcoath | Q140: =I140-(K140*Standards!$I$15) -> 0.1208
A141: 42 | B141: 0.0158 | C141: 0 | D141: 35.48 | E141: 0.0275 | F141: 0 | G141: 0 | H141: 31.1 | I141: 0.1171 | J141: 32.97 | K141: 0 | L141: 0.046 | M141: 0.1054 | N141: 99.8619 | O141: Crofty 13 chalcopyrite | P141: Dolcoath | Q141: =I141-(K141*Standards!$I$15) -> 0.1171
A142: 26 | B142: 0.0586 | C142: 0 | D142: 35.67 | E142: 0.0174 | F142: 0 | G142: 0 | H142: 30.76 | I142: 0.1016 | J142: 33.03 | K142: 0 | L142: 0.0753 | M142: 0.1279 | N142: 99.8409 | O142: Crofty 13 chalcopyrite | P142: Dolcoath | Q142: =I142-(K142*Standards!$I$15) -> 0.1016
A143: 21 | B143: 0.033 | C143: 0 | D143: 35.68 | E143: 0.0066 | F143: 0 | G143: 0 | H143: 31.28 | I143: 0.1461 | J143: 33.79 | K143: 0 | L143: 0.0666 | M143: 0.1237 | N143: 101.126 | O143: Crofty 13 CuFeS bright yellow | P143: Dolcoath | Q143: =I143-(K143*Standards!$I$15) -> 0.1461
A144: 64 | B144: 0 | C144: 0 | D144: 35.36 | E144: 0.0836 | F144: 0 | G144: 0 | H144: 31.11 | I144: 0 | J144: 35.79 | K144: 0 | L144: 0.0451 | M144: 0.1309 | N144: 102.5195 | O144: Crofty 14 chalcopyrite | P144: Dolcoath | Q144: =I144-(K144*Standards!$I$15) -> 0
... A189: 67 | B189: 0.1603 | C189: 0 | D189: 34.99 | E189: 0 | F189: 0 | G189: 0 | H189: 33.84 | I189: 0.0066 | J189: 35.4 | K189: 0 | L189: 0.0601 | M189: 0.1753 | N189: 104.6322 | O189: DC-03 chalcopyrite | P189: Dolcoath | Q189: =I189-(K189*Standards!$I$15) -> 0.0066
A190: 32 | B190: 0.0011 | C190: 0 | D190: 35.98 | E190: 0.0008 | F190: 0 | G190: 0 | H190: 31.21 | I190: 0 | J190: 34.68 | K190: 0 | L190: 0.0029 | M190: 0.1501 | N190: 102.0248 | O190: GS-1 chalcopyrite | P190: Greystone | Q190: =I190-(K190*Standards!$I$15) -> 0 | R190: Greystone | S190: =COUNT(Q190:Q201) -> 12 | T190: =MAX(L190:L201) -> 0.045 | U190: =AVERAGE(L190:L201) -> 0.021125 | V190: =10000*MAX(Q190:Q201) -> 2 | W190: =10000*AVERAGE(Q190:Q201) -> 0.16666667
A191: 1 | B191: 0 | C191: 0 | D191: 36.04 | E191: 0.0001 | F191: 0 | G191: 0 | H191: 31.73 | I191: 0 | J191: 35.04 | K191: 0 | L191: 0.0175 | M191: 0.1916 | N191: 103.0191 | O191: GS-1. chalcopyrite | P191: Greystone | Q191: =I191-(K191*Standards!$I$15) -> 0
A192: 51 | B192: 0 | C192: 0 | D192: 35.83 | E192: 0.0051 | F192: 0 | G192: 0 | H192: 30.91 | I192: 0.0002 | J192: 34.89 | K192: 0 | L192: 0.0146 | M192: 0.1391 | N192: 101.7889 | O192: GS-3 chalcopyrite | P192: Greystone | Q192: =I192-(K192*Standards!$I$15) -> 0.0002
A193: 52 | B193: 0 | C193: 0 | D193: 35.82 | E193: 0.0042 | F193: 0 | G193: 0 | H193: 31.05 | I193: 0 | J193: 34.79 | K193: 0 | L193: 0.0208 | M193: 0.1451 | N193: 101.83 | O193: GS-3 chalcopyrite | P193: Greystone | Q193: =I193-(K193*Standards!$I$15) -> 0
A194: 56 | B194: 0 | C194: 0 | D194: 35.65 | E194: 0.0009 | F194: 0 | G194: 0 | H194: 31.05 | I194: 0 | J194: 34.53 | K194: 0 | L194: 0.0234 | M194: 0.0927 | N194: 101.3469 | O194: GS-3 chalcopyrite | P194: Greystone | Q194: =I194-(K194*Standards!$I$15) -> 0
A195: 61 | B195: 0.0002 | C195: 0 | D195: 35.83 | E195: 0.0067 | F195: 0 | G195: 0 | H195: 31.16 | I195: 0 | J195: 34.49 | K195: 0 | L195: 0.0017 | M195: 0.1368 | N195: 101.6254 | O195: GS-3 chalcopyrite | P195: Greystone | Q195: =I195-(K195*Standards!$I$15) -> 0
A196: 58 | B196: 0 | C196: 0 | D196: 36.04 | E196: 0.0209 | F196: 0.006 | G196: 0 | H196: 31.34 | I196: 0 | J196: 34.46 | K196: 0 | L196: 0.045 | M196: 0.1384 | N196: 102.0502 | O196: GS-3 chalcopyrite | P196: Greystone | Q196: =I196-(K196*Standards!$I$15) -> 0
A197: 59 | B197: 0 | C197: 0 | D197: 35.78 | E197: 0.0055 | F197: 0 | G197: 0 | H197: 31.24 | I197: 0 | J197: 34.45 | K197: 0 | L197: 0.0134 | M197: 0.1253 | N197: 101.6141 | O197: GS-3 chalcopyrite | P197: Greystone | Q197: =I197-(K197*Standards!$I$15) -> 0
A198: 57 | B198: 0 | C198: 0 | D198: 35.63 | E198: 0.0039 | F198: 0.001 | G198: 0 | H198: 31.48 | I198: 0 | J198: 34.37 | K198: 0 | L198: 0.0237 | M198: 0.1296 | N198: 101.6381 | O198: GS-3 chalcopyrite | P198: Greystone | Q198: =I198-(K198*Standards!$I$15) -> 0
A199: 63 | B199: 0 | C199: 0 | D199: 35.75 | E199: 0.0045 | F199: 0 | G199: 0 | H199: 31.33 | I199: 0 | J199: 32.46 | K199: 0 | L199: 0.0415 | M199: 0.1148 | N199: 99.7009 | O199: GS-3 chalcopyrite | P199: Greystone | Q199: =I199-(K199*Standards!$I$15) -> 0
A200: 62 | B200: 0 | C200: 0 | D200: 35.84 | E200: 0 | F200: 0 | G200: 0 | H200: 31.29 | I200: 0 | J200: 32.13 | K200: 0 | L200: 0.0337 | M200: 0.133 | N200: 99.4268 | O200: GS-3 chalcopyrite | P200: Greystone | Q200: =I200-(K200*Standards!$I$15) -> 0
A201: 70 | B201: 0 | C201: 0 | D201: 35.72 | E201: 0.0011 | F201: 0 | G201: 0 | H201: 31.18 | I201: 0 | J201: 31.84 | K201: 0 | L201: 0.0153 | M201: 0.1238 | N201: 98.8803 | O201: GS-3 chalcopyrite | P201: Greystone | Q201: =I201-(K201*Standards!$I$15) -> 0
A202: 29 | B202: 0.0175 | C202: 0 | D202: 35.24 | E202: 0.0016 | F202: 0 | G202: 0 | H202: 34.15 | I202: 0.0281 | J202: 35.99 | K202: 0 | L202: 0.0654 | M202: 0.1264 | N202: 105.6189 | O202: HD-01 chalcopyrite | P202: Hingston Down | Q202: =I202-(K202*Standards!$I$15) -> 0.0281 | R202: Hingston Down | S202: =COUNT(Q202:Q219,Q964:Q965) -> 20 | T202: =MAX(L202:L219,L964:L965) -> 0.2818 | U202: =AVERAGE(L202:L219,L964:L965) -> 0.053545 | V202: =10000*MAX(Q202:Q219,Q964:Q965) -> 281 | W202: =10000*AVERAGE(Q202:Q219,Q964:Q965) -> 166.4
A203: 27 | B203: 0.029 | C203: 0 | D203: 35.29 | E203: 0 | F203: 0 | G203: 0.0005 | H203: 34.07 | I203: 0.0141 | J203: 35.77 | K203: 0 | L203: 0 | M203: 0.1375 | N203: 105.311 | O203: HD-01 chalcopyrite | P203: Hingston Down | Q203: =I203-(K203*Standards!$I$15) -> 0.0141
A204: 17 | B204: 0.0335 | C204: 0 | D204: 35.19 | E204: 0.0069 | F204: 0 | G204: 0 | H204: 33.71 | I204: 0.0194 | J204: 35.77 | K204: 0 | L204: 0.0421 | M204: 0.1222 | N204: 104.894 | O204: HD-01 chalcopyrite | P204: Hingston Down | Q204: =I204-(K204*Standards!$I$15) -> 0.0194
A205: 32 | B205: 0.0054 | C205: 0 | D205: 35.21 | E205: 0.0035 | F205: 0 | G205: 0 | H205: 33.83 | I205: 0.0171 | J205: 35.66 | K205: 0 | L205: 0.0228 | M205: 0.1393 | N205: 104.888 | O205: HD-01 chalcopyrite | P205: Hingston Down | Q205: =I205-(K205*Standards!$I$15) -> 0.0171
A206: 26 | B206: 0.018 | C206: 0 | D206: 35.34 | E206: 0.0031 | F206: 0 | G206: 0 | H206: 33.84 | I206: 0.0229 | J206: 35.64 | K206: 0 | L206: 0.0286 | M206: 0.1157 | N206: 105.0083 | O206: HD-01 chalcopyrite | P206: Hingston Down | Q206: =I206-(K206*Standards!$I$15) -> 0.0229
A207: 18 | B207: 0.0165 | C207: 0 | D207: 35.12 | E207: 0 | F207: 0 | G207: 0 | H207: 33.78 | I207: 0.0188 | J207: 35.61 | K207: 0 | L207: 0.0365 | M207: 0.1229 | N207: 104.7046 | O207: HD-01 chalcopyrite | P207: Hingston Down | Q207: =I207-(K207*Standards!$I$15) -> 0.0188
A208: 6 | B208: 0.037 | C208: 0 | D208: 35.7 | E208: 0 | F208: 0 | G208: 0 | H208: 33.27 | I208: 0.0242 | J208: 35.58 | K208: 0 | L208: 0.0109 | M208: 0.1232 | N208: 104.7453 | O208: HD-01 chalcopyrite | P208: Hingston Down | Q208: =I208-(K208*Standards!$I$15) -> 0.0242
A209: 11 | B209: 0.0203 | C209: 0 | D209: 35.15 | E209: 0 | F209: 0 | G209: 0 | H209: 33.8 | I209: 0.0185 | J209: 35.54 | K209: 0 | L209: 0.0366 | M209: 0.1396 | N209: 104.705 | O209: HD-01 chalcopyrite | P209: Hingston Down | Q209: =I209-(K209*Standards!$I$15) -> 0.0185
A210: 10 | B210: 0.0189 | C210: 0 | D210: 35.11 | E210: 0 | F210: 0 | G210: 0 | H210: 33.74 | I210: 0.0198 | J210: 35.51 | K210: 0 | L210: 0.0003 | M210: 0.1134 | N210: 104.5123 | O210: HD-01 chalcopyrite | P210: Hingston Down | Q210: =I210-(K210*Standards!$I$15) -> 0.0198
A211: 7 | B211: 0.0159 | C211: 0 | D211: 35.06 | E211: 0 | F211: 0 | G211: 0 | H211: 33.26 | I211: 0.0177 | J211: 35.49 | K211: 0 | L211: 0.0107 | M211: 0.1361 | N211: 103.9903 | O211: HD-01 chalcopyrite | P211: Hingston Down | Q211: =I211-(K211*Standards!$I$15) -> 0.0177
A212: 8 | B212: 0.0177 | C212: 0 | D212: 35.32 | E212: 0.0025 | F212: 0 | G212: 0 | H212: 33.22 | I212: 0.0215 | J212: 35.36 | K212: 0 | L212: 0.2818 | M212: 0.1034 | N212: 104.3268 | O212: HD-01 chalcopyrite | P212: Hingston Down | Q212: =I212-(K212*Standards!$I$15) -> 0.0215
A213: 2 | B213: 0.0343 | C213: 0 | D213: 35.23 | E213: 0.0035 | F213: 0 | G213: 0 | H213: 33 | I213: 0.0168 | J213: 35.19 | K213: 0 | L213: 0.0254 | M213: 0.123 | N213: 103.623 | O213: HD-01 chalcopyrite | P213: Hingston Down | Q213: =I213-(K213*Standards!$I$15) -> 0.0168
A214: 3 | B214: 0.0217 | C214: 0 | D214: 35.32 | E214: 0.0022 | F214: 0 | G214: 0 | H214: 33.13 | I214: 0.0221 | J214: 35.08 | K214: 0 | L214: 0.1029 | M214: 0.1002 | N214: 103.7791 | O214: HD-01 chalcopyrite | P214: Hingston Down | Q214: =I214-(K214*Standards!$I$15) -> 0.0221
... A219: 49 | B219: 0.0111 | C219: 0 | D219: 34.63 | E219: 0.0119 | F219: 0 | G219: 0 | H219: 33.1 | I219: 0.0096 | J219: 35.14 | K219: 0 | L219: 0.0153 | M219: 0.144 | N219: 103.0618 | O219: HD-03 chalcopyrite | P219: Hingston Down | Q219: =I219-(K219*Standards!$I$15) -> 0.0096
A220: 13 | B220: 0 | C220: 0 | D220: 35.66 | E220: 0.0587 | F220: 0 | G220: 0 | H220: 31.56 | I220: 0 | J220: 35.2 | K220: 0 | L220: 0.0393 | M220: 0.1302 | N220: 102.6481 | O220: KH-02 chalcopyrite | P220: Duchy Peru | Q220: =I220-(K220*Standards!$I$15) -> 0 | R220: Duchy Peru | S220: =COUNT(Q220:Q232) -> 13 | T220: =MAX(L220:L232) -> 0.0712 | U220: =AVERAGE(L220:L232) -> 0.042030769 | V220: =10000*MAX(Q220:Q232) -> 21 | W220: =10000*AVERAGE(Q220:Q232) -> 2.8461538
A221: 12 | B221: 0 | C221: 0 | D221: 35.66 | E221: 0.0613 | F221: 0 | G221: 0 | H221: 31.79 | I221: 0 | J221: 34.98 | K221: 0 | L221: 0.0712 | M221: 0.129 | N221: 102.6914 | O221: KH-02 chalcopyrite | P221: Duchy Peru | Q221: =I221-(K221*Standards!$I$15) -> 0
A222: 25 | B222: 0 | C222: 0 | D222: 35.38 | E222: 0.0535 | F222: 0 | G222: 0 | H222: 31.37 | I222: 0 | J222: 34.9 | K222: 0 | L222: 0.0482 | M222: 0.108 | N222: 101.8597 | O222: KH-02 chalcopyrite | P222: Duchy Peru | Q222: =I222-(K222*Standards!$I$15) -> 0
A223: 41 | B223: 0 | C223: 0 | D223: 35.46 | E223: 0.0478 | F223: 0 | G223: 0 | H223: 31.23 | I223: 0 | J223: 34.9 | K223: 0 | L223: 0.0465 | M223: 0.1294 | N223: 101.8136 | O223: KH-02 chalcopyrite | P223: Duchy Peru | Q223: =I223-(K223*Standards!$I$15) -> 0
A224: 1 | B224: 0 | C224: 0 | D224: 35.48 | E224: 0 | F224: 0 | G224: 0 | H224: 31.5 | I224: 0 | J224: 34.89 | K224: 0 | L224: 0.0369 | M224: 0.1396 | N224: 102.0464 | O224: KH-02 chalcopyrite | P224: Duchy Peru | Q224: =I224-(K224*Standards!$I$15) -> 0
A225: 3 | B225: 0.0014 | C225: 0 | D225: 35.48 | E225: 0 | F225: 0 | G225: 0.0021 | H225: 31.2 | I225: 0.0021 | J225: 34.85 | K225: 0 | L225: 0.0435 | M225: 0.1296 | N225: 101.7086 | O225: KH-02 chalcopyrite | P225: Duchy Peru | Q225: =I225-(K225*Standards!$I$15) -> 0.0021
A226: 2 | B226: 0.004 | C226: 0 | D226: 35.09 | E226: 0 | F226: 0 | G226: 0 | H226: 31.15 | I226: 0 | J226: 34.84 | K226: 0 | L226: 0.0504 | M226: 0.1301 | N226: 101.2644 | O226: KH-02 chalcopyrite | P226: Duchy Peru | Q226: =I226-(K226*Standards!$I$15) -> 0
A227: 30 | B227: 0 | C227: 0 | D227: 35.4 | E227: 0.0694 | F227: 0 | G227: 0 | H227: 31.28 | I227: 0 | J227: 34.82 | K227: 0 | L227: 0.0477 | M227: 0.1388 | N227: 101.7559 | O227: KH-02 chalcopyrite | P227: Duchy Peru | Q227: =I227-(K227*Standards!$I$15) -> 0
A228: 37 | B228: 0.001 | C228: 0 | D228: 35.27 | E228: 0.0784 | F228: 0 | G228: 0 | H228: 31.29 | I228: 0 | J228: 34.81 | K228: 0 | L228: 0.0248 | M228: 0.1242 | N228: 101.5984 | O228: KH-02 chalcopyrite | P228: Duchy Peru | Q228: =I228-(K228*Standards!$I$15) -> 0
A229: 27 | B229: 0 | C229: 0 | D229: 35.46 | E229: 0.0122 | F229: 0 | G229: 0.0003 | H229: 31.65 | I229: 0 | J229: 34.76 | K229: 0 | L229: 0.0346 | M229: 0.1224 | N229: 102.0394 | O229: KH-02 chalcopyrite | P229: Duchy Peru | Q229: =I229-(K229*Standards!$I$15) -> 0
A230: 38 | B230: 0 | C230: 0 | D230: 35.55 | E230: 0.011 | F230: 0 | G230: 0 | H230: 30.98 | I230: 0.0016 | J230: 34.72 | K230: 0 | L230: 0.0201 | M230: 0.1269 | N230: 101.4096 | O230: KH-02 chalcopyrite | P230: Duchy Peru | Q230: =I230-(K230*Standards!$I$15) -> 0.0016
A231: 40 | B231: 0.0051 | C231: 0 | D231: 35.57 | E231: 0.0531 | F231: 0 | G231: 0 | H231: 31.23 | I231: 0 | J231: 34.71 | K231: 0 | L231: 0.0408 | M231: 0.1162 | N231: 101.7252 | O231: KH-02 chalcopyrite | P231: Duchy Peru | Q231: =I231-(K231*Standards!$I$15) -> 0
A232: 39 | B232: 0 | C232: 0 | D232: 35.91 | E232: 0.0749 | F232: 0 | G232: 0.0013 | H232: 31.08 | I232: 0 | J232: 34.53 | K232: 0 | L232: 0.0424 | M232: 0.1064 | N232: 101.7449 | O232: KH-02 chalcopyrite | P232: Duchy Peru | Q232: =I232-(K232*Standards!$I$15) -> 0
A233: 75 | B233: 0 | C233: 0 | D233: 35.17 | E233: 0.007 | F233: 0 | G233: 0.0007 | H233: 31 | I233: 0.0357 | J233: 31.02 | K233: 0 | L233: 0.0522 | M233: 0.0899 | N233: 97.3755 | O233: LOC5-chalcopyrite | P233: Creegbrawse | Q233: =I233-(K233*Standards!$I$15) -> 0.0357 | R233: Creegbrawse | S233: =COUNT(Q233:Q248) -> 16 | T233: =MAX(L233:L248) -> 0.3599 | U233: =AVERAGE(L233:L248) -> 0.079025 | V233: =10000*MAX(Q233:Q248) -> 357 | W233: =10000*AVERAGE(Q233:Q248) -> 148.5625
...

Sheet Stannite-kesterite
A1: No. | B1: As | C1: Ga | D1: S | E1: Ag | F1: Sb | G1: Cd | H1: Fe | I1: In | J1: Cu | K1: Sn | L1: Zn | M1: Pb | N1: Total | O1: Sample | P1: Location | Q1: In (corrected) | R1: In (corrected) | S1: In (corrected) | T1: In (corrected) | V1: n | W1: Zn [max] | X1: Zn [ave] | Y1: In [max] | Z1: In [ave]
A2: 292 | B2: 0 | C2: 0 | D2: 32.12 | E2: 0 | F2: 0 | G2: 0 | H2: 20.3 | I2: 0.2926 | J2: 28.59 | K2: 15.21 | L2: 1.75 | M2: 0.0901 | N2: 98.3528 | O2: RJS-BK-1 stannite inc in ccp | P2: Botallack | Q2: =I2-(K2*Standards!$I$15) -> 0.25894788 | V2: =COUNT(Q2:Q28) -> 27 | W2: =MAX(L2:L28) -> 9.2 | X2: =AVERAGE(L2:L28) -> 3.1114815 | Y2: =10000*MAX(Q2:Q28) -> 6814.6775 | Z2: =10000*AVERAGE(Q2:Q28) -> 3167.8139
A3: 295 | B3: 0 | C3: 0 | D3: 30.01 | E3: 0 | F3: 0 | G3: 0 | H3: 11.99 | I3: 0.3424 | J3: 27.6 | K3: 26.99 | L3: 3.01 | M3: 0.0775 | N3: 100.0198 | O3: RJS-BK-1 stannite inc in ccp | P3: Botallack | Q3: =I3-(K3*Standards!$I$15) -> 0.28268462
A4: 296 | B4: 0 | C4: 0 | D4: 29.61 | E4: 0 | F4: 0 | G4: 0 | H4: 11.28 | I4: 0.3278 | J4: 27.18 | K4: 27.48 | L4: 2.82 | M4: 0.0801 | N4: 98.7779 | O4: RJS-BK-1 stannite inc in ccp | P4: Botallack | Q4: =I4-(K4*Standards!$I$15) -> 0.2670005
A5: 293 | B5: 0 | C5: 0 | D5: 29.82 | E5: 0 | F5: 0 | G5: 0 | H5: 11.86 | I5: 0.3713 | J5: 26.89 | K5: 27.04 | L5: 2.84 | M5: 0.07 | N5: 98.8913 | O5: RJS-BK-1 stannite inc in ccp | P5: Botallack | Q5: =I5-(K5*Standards!$I$15) -> 0.311474
A6: 294 | B6: 0 | C6: 0 | D6: 29.76 | E6: 0 | F6: 0 | G6: 0 | H6: 11.6 | I6: 0.3487 | J6: 26.88 | K6: 27.75 | L6: 2.9 | M6: 0.0673 | N6: 99.3061 | O6: RJS-BK-1 stannite inc in ccp | P6: Botallack | Q6: =I6-(K6*Standards!$I$15) -> 0.28730312
A7: 300 | B7: 0 | C7: 0 | D7: 29.8 | E7: 0 | F7: 0 | G7: 0 | H7: 11.18 | I7: 0.3449 | J7: 26.83 | K7: 27.61 | L7: 3.18 | M7: 0.0717 | N7: 99.0167 | O7: RJS-BK-1 stannite inc in ccp | P7: Botallack | Q7: =I7-(K7*Standards!$I$15) -> 0.28381287
A8: 297 | B8: 0 | C8: 0 | D8: 29.87 | E8: 0 | F8: 0 | G8: 0 | H8: 11.7 | I8: 0.3271 | J8: 26.74 | K8: 26.85 | L8: 3.28 | M8: 0.0851 | N8: 98.8522 | O8: RJS-BK-1 stannite inc in ccp | P8: Botallack | Q8: =I8-(K8*Standards!$I$15) -> 0.26769437
A9: 298 | B9: 0 | C9: 0 | D9: 29.68 | E9: 0 | F9: 0 | G9: 0 | H9: 11.21 | I9: 0.2994 | J9: 26.55 | K9: 27.6 | L9: 3.2 | M9: 0.1056 | N9: 98.645 | O9: RJS-BK-1 stannite inc in ccp | P9: Botallack | Q9: =I9-(K9*Standards!$I$15) -> 0.238335
A10: 311 | B10: 0 | C10: 0 | D10: 29.74 | E10: 0 | F10: 0 | G10: 0 | H10: 10.9 | I10: 0.3195 | J10: 26.39 | K10: 28.13 | L10: 4.33 | M10: 0.0776 | N10: 99.8872 | O10: RJS-BK-1 stannite inc in sphalerite | P10: Botallack | Q10: =I10-(K10*Standards!$I$15) -> 0.25726237
A11: 299 | B11: 0 | C11: 0 | D11: 29.63 | E11: 0 | F11: 0 | G11: 0 | H11: 11.4 | I11: 0.3393 | J11: 26.32 | K11: 27.28 | L11: 3.55 | M11: 0.0758 | N11: 98.5952 | O11: RJS-BK-1 stannite inc in ccp | P11: Botallack | Q11: =I11-(K11*Standards!$I$15) -> 0.278943
A12: 275 | B12: 0 | C12: 0 | D12: 30.08 | E12: 0 | F12: 0 | G12: 0 | H12: 12.96 | I12: 0.282 | J12: 26.26 | K12: 27.47 | L12: 1.3 | M12: 0.069 | N12: 98.4211 | O12: RJS-BK-1 stannite rim to ccp | P12: Botallack | Q12: =I12-(K12*Standards!$I$15) -> 0.22122262
A13: 274 | B13: 0 | C13: 0 | D13: 30.06 | E13: 0 | F13: 0 | G13: 0 | H13: 12.98 | I13: 0.3437 | J13: 26.16 | K13: 27.15 | L13: 1.26 | M13: 0.0793 | N13: 98.0331 | O13: RJS-BK-1 stannite rim to ccp | P13: Botallack | Q13: =I13-(K13*Standards!$I$15) -> 0.28363063
A14: 291 | B14: 0 | C14: 0 | D14: 31.35 | E14: 0 | F14: 0 | G14: 0 | H14: 15.74 | I14: 0.3861 | J14: 26.16 | K14: 18.61 | L14: 6.19 | M14: 0.0927 | N14: 98.5289 | O14: RJS-BK-1 stannite inc in ccp | P14: Botallack | Q14: =I14-(K14*Standards!$I$15) -> 0.34492537
... A28: 312 | B28: 0 | C28: 0 | D28: 30.16 | E28: 0 | F28: 0 | G28: 0 | H28: 10.7 | I28: 0.3017 | J28: 24.42 | K28: 25.53 | L28: 9.2 | M28: 0.066 | N28: 100.3776 | O28: RJS-BK-1 stannite inc in sphalerite | P28: Botallack | Q28: =I28-(K28*Standards!$I$15) -> 0.24521488
A29: 104 | B29: 0 | C29: 0 | D29: 30.33 | E29: 0 | F29: 0 | G29: 0 | H29: 7.61 | I29: 0.1087 | J29: 29.83 | K29: 27.29 | L29: 6.35 | M29: 0.0931 | N29: 101.6117 | O29: CL-10 kesterite | P29: Cligga Head | R29: =I29-(K29*Standards!$I$15) -> 0.048320875 | V29: =COUNT(R29:R45) -> 17 | W29: =MAX(L29:L45) -> 13.61 | X29: =AVERAGE(L29:L45) -> 8.3670588 | Y29: =10000*MAX(R29:R45) -> 659.78375 | Z29: =10000*AVERAGE(R29:R45) -> 434.80441
A30: 102 | B30: 0 | C30: 0 | D30: 30.07 | E30: 0 | F30: 0 | G30: 0 | H30: 5.84 | I30: 0.1036 | J30: 29.61 | K30: 27.28 | L30: 8.72 | M30: 0.0922 | N30: 101.7157 | O30: CL-10 kesterite | P30: Cligga Head | R30: =I30-(K30*Standards!$I$15) -> 0.043243
A31: 101 | B31: 0 | C31: 0 | D31: 29.98 | E31: 0 | F31: 0 | G31: 0 | H31: 5.92 | I31: 0.1077 | J31: 29.59 | K31: 27.34 | L31: 8.51 | M31: 0.1014 | N31: 101.549 | O31: CL-10 kesterite | P31: Cligga Head | R31: =I31-(K31*Standards!$I$15) -> 0.04721025
A32: 96 | B32: 0 | C32: 0 | D32: 30.1 | E32: 0 | F32: 0 | G32: 0 | H32: 7.41 | I32: 0.1056 | J32: 29.52 | K32: 27.12 | L32: 7.12 | M32: 0.0773 | N32: 101.4529 | O32: CL-10 kesterite | P32: Cligga Head | R32: =I32-(K32*Standards!$I$15) -> 0.045597
A33: 99 | B33: 0 | C33: 0 | D33: 30.44 | E33: 0 | F33: 0 | G33: 0 | H33: 6.39 | I33: 0.0926 | J33: 29.48 | K33: 27.29 | L33: 8.15 | M33: 0.1116 | N33: 101.9542 | O33: CL-10 kesterite | P33: Cligga Head | R33: =I33-(K33*Standards!$I$15) -> 0.032220875
A34: 97 | B34: 0 | C34: 0 | D34: 30.04 | E34: 0 | F34: 0 | G34: 0 | H34: 7.03 | I34: 0.1182 | J34: 29.47 | K34: 27.28 | L34: 7.43 | M34: 0.1109 | N34: 101.479 | O34: CL-10 kesterite | P34: Cligga Head | R34: =I34-(K34*Standards!$I$15) -> 0.057843
A35: 93 | B35: 0 | C35: 0 | D35: 30.09 | E35: 0 | F35: 0 | G35: 0 | H35: 7.61 | I35: 0.1188 | J35: 29.46 | K35: 27.12 | L35: 6.89 | M35: 0.1125 | N35: 101.4013 | O35: CL-10 kesterite | P35: Cligga Head | R35: =I35-(K35*Standards!$I$15) -> 0.058797
A36: 103 | B36: 0 | C36: 0 | D36: 30.19 | E36: 0 | F36: 0 | G36: 0 | H36: 6.4 | I36: 0.089 | J36: 29.43 | K36: 27.09 | L36: 8.12 | M36: 0.0892 | N36: 101.4082 | O36: CL-10 kesterite | P36: Cligga Head | R36: =I36-(K36*Standards!$I$15) -> 0.029063375
A37: 105 | B37: 0 | C37: 0 | D37: 29.86 | E37: 0 | F37: 0 | G37: 0 | H37: 6.8 | I37: 0.0991 | J37: 29.43 | K37: 27.29 | L37: 7.65 | M37: 0.0639 | N37: 101.193 | O37: CL-10 kesterite | P37: Cligga Head | R37: =I37-(K37*Standards!$I$15) -> 0.038720875
A38: 100 | B38: 0 | C38: 0 | D38: 29.93 | E38: 0 | F38: 0 | G38: 0 | H38: 4.43 | I38: 0.1021 | J38: 29.35 | K38: 27.34 | L38: 10.21 | M38: 0.0777 | N38: 101.4397 | O38: CL-10 kesterite | P38: Cligga Head | R38: =I38-(K38*Standards!$I$15) -> 0.04161025
A39: 94 | B39: 0 | C39: 0 | D39: 30.08 | E39: 0 | F39: 0 | G39: 0 | H39: 7.63 | I39: 0.1149 | J39: 29.32 | K39: 27.52 | L39: 6.62 | M39: 0.0849 | N39: 101.3698 | O39: CL-10 kesterite | P39: Cligga Head | R39: =I39-(K39*Standards!$I$15) -> 0.054012
A40: 95 | B40: 0 | C40: 0 | D40: 30.12 | E40: 0 | F40: 0 | G40: 0 | H40: 7.46 | I40: 0.1127 | J40: 29.27 | K40: 27.38 | L40: 6.72 | M40: 0.0952 | N40: 101.1579 | O40: CL-10 kesterite | P40: Cligga Head | R40: =I40-(K40*Standards!$I$15) -> 0.05212175
A41: 78 | B41: 0 | C41: 0 | D41: 30.03 | E41: 0 | F41: 0 | G41: 0 | H41: 5.51 | I41: 0.097 | J41: 29.24 | K41: 27.11 | L41: 9.18 | M41: 0.0976 | N41: 101.2645 | O41: CL-10 lollingite | P41: Cligga Head | R41: =I41-(K41*Standards!$I$15) -> 0.037019125
... A45: 76 | B45: 0 | C45: 0 | D45: 30.1 | E45: 0.102 | F45: 0 | G45: 0 | H45: 2.52 | I45: 0.0782 | J45: 28.36 | K45: 26.28 | L45: 13.61 | M45: 0.0859 | N45: 101.136 | O45: CL-10 lollingite | P45: Cligga Head | R45: =I45-(K45*Standards!$I$15) -> 0.0200555
A46: 9 | B46: 0 | C46: 0 | D46: 26.6 | E46: 0 | F46: 0 | G46: 0 | H46: 12.68 | I46: 0.1044 | J46: 26.69 | K46: 33.87 | L46: 0.37 | M46: 0.0842 | N46: 100.3985 | O46: HD-01 stannite | P46: Hingston Down | S46: =I46-(K46*Standards!$I$15) -> 0.029462625 | V46: =COUNT(S46:S61) -> 16 | W46: =MAX(L46:L61) -> 2.87 | X46: =AVERAGE(L46:L61) -> 1.6463125 | Y46: =10000*MAX(S46:S61) -> 687.0325 | Z46: =10000*AVERAGE(S46:S61) -> 252.9825
A47: 20 | B47: 0 | C47: 0 | D47: 29.99 | E47: 0 | F47: 0 | G47: 0 | H47: 13.94 | I47: 0.0714 | J47: 30.57 | K47: 28.24 | L47: 0.4354 | M47: 0.0898 | N47: 103.3365 | O47: HD-01 stannite? | P47: Hingston Down | S47: =I47-(K47*Standards!$I$15) -> 0.008919
A48: 21 | B48: 0 | C48: 0 | D48: 30.15 | E48: 0 | F48: 0 | G48: 0 | H48: 14.3 | I48: 0.0808 | J48: 30.71 | K48: 27.98 | L48: 0.5489 | M48: 0.0875 | N48: 103.8571 | O48: HD-01 stannite? | P48: Hingston Down | S48: =I48-(K48*Standards!$I$15) -> 0.01889425
A49: 19 | B49: 0 | C49: 0 | D49: 29.96 | E49: 0 | F49: 0 | G49: 0 | H49: 14.09 | I49: 0.0809 | J49: 30.53 | K49: 28.15 | L49: 0.7067 | M49: 0.0875 | N49: 103.605 | O49: HD-01 stannite? | P49: Hingston Down | S49: =I49-(K49*Standards!$I$15) -> 0.018618125
A50: 25 | B50: 0 | C50: 0 | D50: 29.74 | E50: 0 | F50: 0 | G50: 0 | H50: 13.29 | I50: 0.0911 | J50: 30.52 | K50: 28.05 | L50: 1.36 | M50: 0.0827 | N50: 103.1338 | O50: HD-01 stannite? | P50: Hingston Down | S50: =I50-(K50*Standards!$I$15) -> 0.029039375
A51: 12 | B51: 0.1057 | C51: 0 | D51: 29.75 | E51: 0 | F51: 0 | G51: 0 | H51: 13.91 | I51: 0.0931 | J51: 30.14 | K51: 27.42 | L51: 1.37 | M51: 0.0851 | N51: 102.8738 | O51: HD-01 stannite | P51: Hingston Down | S51: =I51-(K51*Standards!$I$15) -> 0.03243325
A52: 13 | B52: 0 | C52: 0 | D52: 29.85 | E52: 0 | F52: 0 | G52: 0 | H52: 13.19 | I52: 0.0999 | J52: 30.07 | K52: 28.09 | L52: 1.48 | M52: 0.0955 | N52: 102.8753 | O52: HD-01 stannite | P52: Hingston Down | S52: =I52-(K52*Standards!$I$15) -> 0.037750875
A53: 22 | B53: 0 | C53: 0 | D53: 30.3 | E53: 0 | F53: 0 | G53: 0 | H53: 13.2 | I53: 0.089 | J53: 30.79 | K53: 28.2 | L53: 1.48 | M53: 0.0949 | N53: 104.1538 | O53: HD-01 stannite? | P53: Hingston Down | S53: =I53-(K53*Standards!$I$15) -> 0.0266075
A54: 28 | B54: 0 | C54: 0 | D54: 29.84 | E54: 0 | F54: 0 | G54: 0 | H54: 13.37 | I54: 0.0702 | J54: 30.69 | K54: 27.36 | L54: 1.93 | M54: 0.1038 | N54: 103.3639 | O54: HD-01 stannite | P54: Hingston Down | S54: =I54-(K54*Standards!$I$15) -> 0.009666
A55: 23 | B55: 0 | C55: 0 | D55: 29.96 | E55: 0 | F55: 0 | G55: 0 | H55: 12.42 | I55: 0.0789 | J55: 30.72 | K55: 28.25 | L55: 2.08 | M55: 0.101 | N55: 103.6098 | O55: HD-01 stannite? | P55: Hingston Down | S55: =I55-(K55*Standards!$I$15) -> 0.016396875
A56: 16 | B56: 0 | C56: 0 | D56: 29.97 | E56: 0 | F56: 0 | G56: 0 | H56: 12.49 | I56: 0.0745 | J56: 30.28 | K56: 28.16 | L56: 2.1 | M56: 0.0587 | N56: 103.1331 | O56: HD-01 stannite | P56: Hingston Down | S56: =I56-(K56*Standards!$I$15) -> 0.012196
A57: 30 | B57: 0 | C57: 0 | D57: 29.77 | E57: 0 | F57: 0 | G57: 0 | H57: 12.7 | I57: 0.1008 | J57: 30.62 | K57: 28.16 | L57: 2.14 | M57: 0.0972 | N57: 103.5879 | O57: HD-01 stannite | P57: Hingston Down | S57: =I57-(K57*Standards!$I$15) -> 0.038496
A58: 31 | B58: 0 | C58: 0 | D58: 29.7 | E58: 0 | F58: 0 | G58: 0 | H58: 12.4 | I58: 0.0767 | J58: 30.71 | K58: 28.32 | L58: 2.29 | M58: 0.0859 | N58: 103.5825 | O58: HD-01 stannite | P58: Hingston Down | S58: =I58-(K58*Standards!$I$15) -> 0.014042
... A61: 14 | B61: 0 | C61: 0 | D61: 29.9 | E61: 0 | F61: 0 | G61: 0 | H61: 11.73 | I61: 0.0909 | J61: 30.56 | K61: 28.08 | L61: 2.87 | M61: 0.0865 | N61: 103.3174 | O61: HD-01 stannite | P61: Hingston Down | S61: =I61-(K61*Standards!$I$15) -> 0.028773
A62: 133 | B62: 0 | C62: 0 | D62: 30.39 | E62: 0 | F62: 0 | G62: 0 | H62: 12.16 | I62: 0.0743 | J62: 27.79 | K62: 25.99 | L62: 5.16 | M62: 0.0881 | N62: 101.6523 | O62: 206-208. | P62: Redmoor | T62: =I62-(K62*Standards!$I$15) -> 0.016797125 | V62: =COUNT(T62:T68) -> 7 | W62: =MAX(L62:L68) -> 5.16 | X62: =AVERAGE(L62:L68) -> 3.9885714 | Y62: =10000*MAX(T62:T68) -> 265.27125 | Z62: =10000*AVERAGE(T62:T68) -> 229.38125
A63: 134 | B63: 0 | C63: 0 | D63: 30.25 | E63: 0 | F63: 0 | G63: 0 | H63: 11.76 | I63: 0.0838 | J63: 28.23 | K63: 26.78 | L63: 4.56 | M63: 0.1069 | N63: 101.7707 | O63: 206-208. | P63: Redmoor | T63: =I63-(K63*Standards!$I$15) -> 0.02454925
A64: 132 | B64: 0 | C64: 0 | D64: 30.28 | E64: 0 | F64: 0 | G64: 0 | H64: 12.21 | I64: 0.0821 | J64: 28.66 | K64: 26.75 | L64: 3.9 | M64: 0.104 | N64: 101.986 | O64: 206-208. | P64: Redmoor | T64: =I64-(K64*Standards!$I$15) -> 0.022915625
A65: 135 | B65: 0 | C65: 0 | D65: 30.23 | E65: 0 | F65: 0 | G65: 0 | H65: 12.2 | I65: 0.0817 | J65: 28.36 | K65: 26.92 | L65: 3.86 | M65: 0.1015 | N65: 101.7532 | O65: 206-208. | P65: Redmoor | T65: =I65-(K65*Standards!$I$15) -> 0.0221395
A66: 100 | B66: 0 | C66: 0 | D66: 30.22 | E66: 0 | F66: 0 | G66: 0 | H66: 12.28 | I66: 0.0841 | J66: 28.74 | K66: 26.82 | L66: 3.61 | M66: 0.0956 | N66: 101.8496 | O66: 206-208. | P66: Redmoor | T66: =I66-(K66*Standards!$I$15) -> 0.02476075
A67: 141 | B67: 0 | C67: 0 | D67: 30.18 | E67: 0 | F67: 0 | G67: 0 | H67: 12 | I67: 0.0835 | J67: 28.8 | K67: 27.4 | L67: 3.43 | M67: 0.1123 | N67: 102.0057 | O67: 206-208. | P67: Redmoor | T67: =I67-(K67*Standards!$I$15) -> 0.0228775
A68: 98 | B68: 0 | C68: 0 | D68: 30.23 | E68: 0 | F68: 0 | G68: 0 | H68: 12.4 | I68: 0.0858 | J68: 28.8 | K68: 26.79 | L68: 3.4 | M68: 0.1195 | N68: 101.8252 | O68: 206-208. | P68: Redmoor | T68: =I68-(K68*Standards!$I$15) -> 0.026527125
A69: 102 | B69: 0 | C69: 0 | D69: 30.47 | E69: 0 | F69: 0 | G69: 0 | H69: 13.12 | I69: 0.1033 | J69: 28.73 | K69: 26.1 | L69: 1.05 | M69: 0.0853 | N69: 99.6586 | O69: DGC-04 stannite | P69: Devon Great Consols | U69: =I69-(K69*Standards!$I$15) -> 0.04555375 | V69: =COUNT(U69:U81) -> 13 | W69: =MAX(L69:L81) -> 1.82 | X69: =AVERAGE(L69:L81) -> 1.0624923 | Y69: =10000*MAX(U69:U81) -> 875.97875 | Z69: =10000*AVERAGE(U69:U81) -> 410.48712
A70: 108 | B70: 0 | C70: 0 | D70: 30.36 | E70: 0 | F70: 0 | G70: 0 | H70: 13.71 | I70: 0.1108 | J70: 29.26 | K70: 26.38 | L70: 0.9998 | M70: 0.0903 | N70: 100.9109 | O70: DGC-04 stannite | P70: Devon Great Consols | U70: =I70-(K70*Standards!$I$15) -> 0.05243425
A71: 103 | B71: 0 | C71: 0 | D71: 30.92 | E71: 0 | F71: 0 | G71: 0 | H71: 12.86 | I71: 0.098 | J71: 28.96 | K71: 26.67 | L71: 0.9077 | M71: 0.0696 | N71: 100.4852 | O71: DGC-04 stannite | P71: Devon Great Consols | U71: =I71-(K71*Standards!$I$15) -> 0.038992625
A72: 104 | B72: 0 | C72: 0 | D72: 30.29 | E72: 0 | F72: 0 | G72: 0 | H72: 13.24 | I72: 0.1222 | J72: 29.14 | K72: 26.79 | L72: 1.1 | M72: 0.0816 | N72: 100.7637 | O72: DGC-04 stannite | P72: Devon Great Consols | U72: =I72-(K72*Standards!$I$15) -> 0.062927125
A73: 105 | B73: 0 | C73: 0 | D73: 29.99 | E73: 0 | F73: 0 | G73: 0 | H73: 13.23 | I73: 0.1478 | J73: 28.86 | K73: 27.21 | L73: 1.2 | M73: 0.0855 | N73: 100.7232 | O73: DGC-04 stannite | P73: Devon Great Consols | U73: =I73-(K73*Standards!$I$15) -> 0.087597875
A74: 101 | B74: 0 | C74: 0 | D74: 30.39 | E74: 0 | F74: 0 | G74: 0 | H74: 12.59 | I74: 0.0959 | J74: 28.92 | K74: 27.49 | L74: 0.8821 | M74: 0.1 | N74: 100.4679 | O74: DGC-04 stannite | P74: Devon Great Consols | U74: =I74-(K74*Standards!$I$15) -> 0.035078375
A75: 1 | B75: 0 | C75: 0 | D75: 29.83 | E75: 0 | F75: 0 | G75: 0 | H75: 12.67 | I75: 0.135 | J75: 28.96 | K75: 27.16 | L75: 0.8445 | M75: 0.098 | N75: 99.6976 | O75: DGC-05 stannite | P75: Devon Great Consols | U75: =I75-(K75*Standards!$I$15) -> 0.0749085
A76: 8 | B76: 0 | C76: 0 | D76: 30.17 | E76: 0 | F76: 0 | G76: 0 | H76: 13.13 | I76: 0.104 | J76: 29.31 | K76: 28.2 | L76: 1.82 | M76: 0.1068 | N76: 102.8407 | O76: DGC-06 stannite | P76: Devon Great Consols | U76: =I76-(K76*Standards!$I$15) -> 0.0416075
A77: 7 | B77: 0 | C77: 0 | D77: 29.73 | E77: 0 | F77: 0 | G77: 0 | H77: 13.21 | I77: 0.0923 | J77: 29.36 | K77: 28.04 | L77: 1.13 | M77: 0.0874 | N77: 101.6497 | O77: DGC-06 stannite | P77: Devon Great Consols | U77: =I77-(K77*Standards!$I$15) -> 0.0302615
A78: 5 | B78: 0 | C78: 0 | D78: 29.78 | E78: 0 | F78: 0 | G78: 0 | H78: 12.97 | I78: 0.1041 | J78: 29.52 | K78: 28.01 | L78: 0.9354 | M78: 0.0921 | N78: 101.4116 | O78: DGC-06 stannite | P78: Devon Great Consols | U78: =I78-(K78*Standards!$I$15) -> 0.042127875
A79: 9 | B79: 0 | C79: 0 | D79: 29.73 | E79: 0 | F79: 0 | G79: 0 | H79: 13.17 | I79: 0.0757 | J79: 29.3 | K79: 27.74 | L79: 0.8367 | M79: 0.0832 | N79: 100.9355 | O79: DGC-06 stannite | P79: Devon Great Consols | U79: =I79-(K79*Standards!$I$15) -> 0.01432525
A80: 10 | B80: 0 | C80: 0 | D80: 30.25 | E80: 0 | F80: 0 | G80: 0 | H80: 12.81 | I80: 0.0654 | J80: 29.46 | K80: 28.02 | L80: 0.7862 | M80: 0.0752 | N80: 101.4668 | O80: DGC-06 stannite | P80: Devon Great Consols | U80: =I80-(K80*Standards!$I$15) -> 0.00340575
A81: 8 | B81: 0 | C81: 0 | D81: 29.9 | E81: 0 | F81: 0 | G81: 0 | H81: 12.66 | I81: 0.0655 | J81: 29.39 | K81: 27.61 | L81: 1.32 | M81: 0.0697 | N81: 101.0151 | O81: DGC-01 stannite | P81: Devon Great Consols | U81: =I81-(K81*Standards!$I$15) -> 0.004412875

Sheet Sphalerite
A1: No. | B1: As | C1: Ga | D1: S | E1: Ag | F1: Sb | G1: Cd | H1: Fe | I1: In | J1: Cu | K1: Sn | L1: Zn | M1: Pb | N1: Total | O1: Sample | Q1: Zn+Fe | R1: In (corrected) | S1: Ga corrected | T1: Location | U1: Number | V1: Fe [max] | W1: Fe [ave] | X1: Cu [max] | Y1: Cu [ave] | Z1: In [max] | AA1: In [ave] | AB1: Cd [max] | AC1: Cd [ave] | AD1: Ga [max] | AE1: Ga [ave]
A2: 40 | B2: 0 | C2: 0.0246 | D2: 33.85 | E2: 0.1414 | F2: 0 | G2: 0.2995 | H2: 6.74 | I2: 0.1053 | J2: 2.45 | K2: 1.18 | L2: 58.69 | M2: 0.1309 | N2: 103.6116 | O2: 3JD1 sph in ccp | Q2: =H2+L2 -> 65.43 | R2: =I2-(K2*Standards!$I$15) -> 0.10268925 | S2: =C2-(I2*0.05) -> 0.019335 | T2: Wheal Fortune | U2: =COUNT(R2:R6) -> 5 | V2: =MAX(H2:H6) -> 10.52 | W2: =AVERAGE(H2:H6) -> 7.496 | X2: =MAX(J2:J6) -> 2.45 | Y2: =AVERAGE(J2:J6) -> 0.96198 | Z2: =10000*MAX(R2:R6) -> 4634 | AA2: =10000*AVERAGE(R2:R6) -> 1769.5145 | AB2: =10000*MAX(G2:G6) -> 2995 | AC2: =10000*AVERAGE(G2:G6) -> 1962.8 | AD2: =10000*MAX(S2:S6) -> 431.6 | AE2: =10000*AVERAGE(S2:S6) -> 336.98
A3: 19 | B3: 0 | C3: 0.0629 | D3: 33.99 | E3: 0.0733 | F3: 0 | G3: 0.1436 | H3: 9.69 | I3: 0.4634 | J3: 0.2844 | K3: 0 | L3: 57.36 | M3: 0.0847 | N3: 102.1523 | O3: 3JD1 sph in ccp | Q3: =H3+L3 -> 67.05 | R3: =I3-(K3*Standards!$I$15) -> 0.4634 | S3: =C3-(I3*0.05) -> 0.03973 | T3: Wheal Fortune
A4: 18 | B4: 0 | C4: 0.0533 | D4: 34.14 | E4: 0.0772 | F4: 0 | G4: 0.1433 | H4: 10.52 | I4: 0.2028 | J4: 0.1743 | K4: 0 | L4: 57.11 | M4: 0.1407 | N4: 102.5615 | O4: 3JD1 sph in ccp | Q4: =H4+L4 -> 67.63 | R4: =I4-(K4*Standards!$I$15) -> 0.2028 | S4: =C4-(I4*0.05) -> 0.04316 | T4: Wheal Fortune
A5: 11 | B5: 0 | C5: 0.0399 | D5: 34.35 | E5: 0.0594 | F5: 0 | G5: 0.1275 | H5: 4.83 | I5: 0 | J5: 0.1212 | K5: 0 | L5: 63.59 | M5: 0.132 | N5: 103.2499 | O5: 3JD1 sphalerite | Q5: =H5+L5 -> 68.42 | R5: =I5-(K5*Standards!$I$15) -> 0 | S5: =C5-(I5*0.05) -> 0.0399 | T5: Wheal Fortune
A6: 52 | B6: 0 | C6: 0.0323 | D6: 33.54 | E6: 0.1317 | F6: 0 | G6: 0.2675 | H6: 5.7 | I6: 0.1187 | J6: 1.78 | K6: 1.28 | L6: 59.29 | M6: 0.1326 | N6: 102.2727 | O6: 3JD1 sphalerite | Q6: =H6+L6 -> 64.99 | R6: =I6-(K6*Standards!$I$15) -> 0.115868 | S6: =C6-(I6*0.05) -> 0.026365 | T6: Wheal Fortune
A7: 3 | B7: 0 | C7: 0.0633 | D7: 33.84 | E7: 0.061 | F7: 0 | G7: 0.1447 | H7: 0.9652 | I7: 0 | J7: 0 | K7: 0 | L7: 66.71 | M7: 0.1185 | N7: 101.9026 | O7: CAL-01 Sphalerite | Q7: =H7+L7 -> 67.6752 | R7: =I7-(K7*Standards!$I$15) -> 0 | S7: =C7-(I7*0.05) -> 0.0633 | T7: West Chiverton | U7: =COUNT(R7:R10) -> 4 | V7: =MAX(H7:H10) -> 8.52 | W7: =AVERAGE(H7:H10) -> 4.6888 | X7: =MAX(J7:J10) -> 4.58 | Y7: =AVERAGE(J7:J10) -> 1.4975 | Z7: =10000*MAX(R7:R10) -> 1494 | AA7: =10000*AVERAGE(R7:R10) -> 703.25 | AB7: =10000*MAX(G7:G10) -> 1447 | AC7: =10000*AVERAGE(G7:G10) -> 990.25 | AD7: =10000*MAX(S7:S10) -> 633 | AE7: =10000*AVERAGE(S7:S10) -> 489.3375
A8: 19 | B8: 0 | C8: 0.0633 | D8: 34.01 | E8: 0.0543 | F8: 0 | G8: 0.1388 | H8: 3.05 | I8: 0.0097 | J8: 0 | K8: 0 | L8: 63.74 | M8: 0.1126 | N8: 101.1786 | O8: CAL-01 Sphalerite | Q8: =H8+L8 -> 66.79 | R8: =I8-(K8*Standards!$I$15) -> 0.0097 | S8: =C8-(I8*0.05) -> 0.062815 | T8: West Chiverton
A9: 21 | B9: 0 | C9: 0.0454 | D9: 34.24 | E9: 0.0356 | F9: 0 | G9: 0.0604 | H9: 6.22 | I9: 0.1222 | J9: 1.41 | K9: 0 | L9: 59.54 | M9: 0.1184 | N9: 101.7919 | O9: CAL-01 sphalerite | Q9: =H9+L9 -> 65.76 | R9: =I9-(K9*Standards!$I$15) -> 0.1222 | S9: =C9-(I9*0.05) -> 0.03929 | T9: West Chiverton
A10: 20 | B10: 0 | C10: 0.0378 | D10: 34.23 | E10: 0.0636 | F10: 0 | G10: 0.0522 | H10: 8.52 | I10: 0.1494 | J10: 4.58 | K10: 0 | L10: 52.2 | M10: 0.1136 | N10: 99.9466 | O10: CAL-01 sphalerite | Q10: =H10+L10 -> 60.72 | R10: =I10-(K10*Standards!$I$15) -> 0.1494 | S10: =C10-(I10*0.05) -> 0.03033 | T10: West Chiverton
A11: 111 | B11: 0 | C11: 0.0665 | D11: 34.02 | E11: 0.0454 | F11: 0 | G11: 0.1265 | H11: 0.3127 | I11: 0.0436 | J11: 0.0553 | K11: 0 | L11: 67.4 | M11: 0.0827 | N11: 102.1526 | O11: CL-10 sphalerite | Q11: =H11+L11 -> 67.7127 | R11: =I11-(K11*Standards!$I$15) -> 0.0436 | S11: =C11-(I11*0.05) -> 0.06432 | T11: Cligga Head | U11: =COUNT(R11:R25) -> 15 | V11: =MAX(H11:H25) -> 1.95 | W11: =AVERAGE(H11:H25) -> 1.5782133 | X11: =MAX(J11:J25) -> 0.399 | Y11: =AVERAGE(J11:J25) -> 0.081906667 | Z11: =10000*MAX(R11:R25) -> 743 | AA11: =10000*AVERAGE(R11:R25) -> 322.33477 | AB11: =10000*MAX(G11:G25) -> 1538 | AC11: =10000*AVERAGE(G11:G25) -> 1400.0667 | AD11: =10000*MAX(S11:S25) -> 643.2 | AE11: =10000*AVERAGE(S11:S25) -> 514.71333
A12: 112 | B12: 0 | C12: 0.0644 | D12: 34 | E12: 0.0449 | F12: 0 | G12: 0.1422 | H12: 0.3405 | I12: 0.0743 | J12: 0.0529 | K12: 0 | L12: 67.23 | M12: 0.1144 | N12: 102.0636 | O12: CL-10 sphalerite | Q12: =H12+L12 -> 67.5705 | R12: =I12-(K12*Standards!$I$15) -> 0.0743 | S12: =C12-(I12*0.05) -> 0.060685 | T12: Cligga Head
A13: 109 | B13: 0 | C13: 0.0532 | D13: 34.05 | E13: 0.0501 | F13: 0 | G13: 0.132 | H13: 1.59 | I13: 0.0265 | J13: 0.0503 | K13: 0 | L13: 66.32 | M13: 0.0946 | N13: 102.3666 | O13: CL-10 sphalerite | Q13: =H13+L13 -> 67.91 | R13: =I13-(K13*Standards!$I$15) -> 0.0265 | S13: =C13-(I13*0.05) -> 0.051875 | T13: Cligga Head
A14: 86 | B14: 0 | C14: 0.0467 | D14: 34.07 | E14: 0.0553 | F14: 0 | G14: 0.1291 | H14: 1.68 | I14: 0.025 | J14: 0.0161 | K14: 0 | L14: 66.02 | M14: 0.0889 | N14: 102.1311 | O14: CL-10 sphalerite | Q14: =H14+L14 -> 67.7 | R14: =I14-(K14*Standards!$I$15) -> 0.025 | S14: =C14-(I14*0.05) -> 0.04545 | T14: Cligga Head
A15: 85 | B15: 0 | C15: 0.0512 | D15: 34.16 | E15: 0.0525 | F15: 0 | G15: 0.1327 | H15: 1.72 | I15: 0.0297 | J15: 0.0291 | K15: 0 | L15: 66.01 | M15: 0.0744 | N15: 102.2596 | O15: CL-10 sphalerite | Q15: =H15+L15 -> 67.73 | R15: =I15-(K15*Standards!$I$15) -> 0.0297 | S15: =C15-(I15*0.05) -> 0.049715 | T15: Cligga Head
A16: 91 | B16: 0 | C16: 0.0502 | D16: 34.14 | E16: 0.0489 | F16: 0 | G16: 0.1344 | H16: 1.62 | I16: 0.0244 | J16: 0.0618 | K16: 0.0018 | L16: 66.01 | M16: 0.0957 | N16: 102.1871 | O16: CL-10 sphalerite | Q16: =H16+L16 -> 67.63 | R16: =I16-(K16*Standards!$I$15) -> 0.024396018 | S16: =C16-(I16*0.05) -> 0.04898 | T16: Cligga Head
A17: 87 | B17: 0 | C17: 0.0476 | D17: 33.96 | E17: 0.0533 | F17: 0 | G17: 0.1442 | H17: 1.87 | I17: 0.0305 | J17: 0.0415 | K17: 0 | L17: 65.96 | M17: 0.101 | N17: 102.208 | O17: CL-10 sphalerite | Q17: =H17+L17 -> 67.83 | R17: =I17-(K17*Standards!$I$15) -> 0.0305 | S17: =C17-(I17*0.05) -> 0.046075 | T17: Cligga Head
A18: 92 | B18: 0 | C18: 0.0504 | D18: 33.99 | E18: 0.0493 | F18: 0 | G18: 0.1323 | H18: 1.59 | I18: 0.0264 | J18: 0.0744 | K18: 0.0167 | L18: 65.85 | M18: 0.1049 | N18: 101.8844 | O18: CL-10 sphalerite | Q18: =H18+L18 -> 67.44 | R18: =I18-(K18*Standards!$I$15) -> 0.026363051 | S18: =C18-(I18*0.05) -> 0.04908 | T18: Cligga Head
A19: 88 | B19: 0 | C19: 0.062 | D19: 34.14 | E19: 0.0658 | F19: 0 | G19: 0.1523 | H19: 1.95 | I19: 0.0321 | J19: 0.0594 | K19: 0 | L19: 65.79 | M19: 0.0907 | N19: 102.3422 | O19: CL-10 sphalerite | Q19: =H19+L19 -> 67.74 | R19: =I19-(K19*Standards!$I$15) -> 0.0321 | S19: =C19-(I19*0.05) -> 0.060395 | T19: Cligga Head
A20: 89 | B20: 0 | C20: 0.0502 | D20: 34 | E20: 0.0472 | F20: 0 | G20: 0.138 | H20: 1.72 | I20: 0.0374 | J20: 0.0307 | K20: 0 | L20: 65.79 | M20: 0.0777 | N20: 101.8912 | O20: CL-10 sphalerite | Q20: =H20+L20 -> 67.51 | R20: =I20-(K20*Standards!$I$15) -> 0.0374 | S20: =C20-(I20*0.05) -> 0.04833 | T20: Cligga Head
A21: 83 | B21: 0 | C21: 0.0496 | D21: 34.1 | E21: 0.0533 | F21: 0 | G21: 0.1506 | H21: 1.72 | I21: 0.0358 | J21: 0.0349 | K21: 0 | L21: 65.77 | M21: 0.0872 | N21: 102.0013 | O21: CL-10 sphalerite | Q21: =H21+L21 -> 67.49 | R21: =I21-(K21*Standards!$I$15) -> 0.0358 | S21: =C21-(I21*0.05) -> 0.04781 | T21: Cligga Head
A22: 107 | B22: 0 | C22: 0.0521 | D22: 34.05 | E22: 0.0665 | F22: 0 | G22: 0.1369 | H22: 1.89 | I22: 0.025 | J22: 0.1859 | K22: 0.1199 | L22: 65.77 | M22: 0.0775 | N22: 102.3737 | O22: CL-10 sphalerite | Q22: =H22+L22 -> 67.66 | R22: =I22-(K22*Standards!$I$15) -> 0.024734721 | S22: =C22-(I22*0.05) -> 0.05085 | T22: Cligga Head
A23: 84 | B23: 0 | C23: 0.0499 | D23: 34.13 | E23: 0.0715 | F23: 0 | G23: 0.1508 | H23: 1.89 | I23: 0.0267 | J23: 0.0444 | K23: 0 | L23: 65.65 | M23: 0.0754 | N23: 102.0886 | O23: CL-10 sphalerite | Q23: =H23+L23 -> 67.54 | R23: =I23-(K23*Standards!$I$15) -> 0.0267 | S23: =C23-(I23*0.05) -> 0.048565 | T23: Cligga Head
... A25: 90 | B25: 0 | C25: 0.0423 | D25: 34.21 | E25: 0.0483 | F25: 0 | G25: 0.1443 | H25: 1.9 | I25: 0.0263 | J25: 0.399 | K25: 0.3578 | L25: 65.34 | M25: 0.0755 | N25: 102.5434 | O25: CL-10 sphalerite | Q25: =H25+L25 -> 67.24 | R25: =I25-(K25*Standards!$I$15) -> 0.025508368 | S25: =C25-(I25*0.05) -> 0.040985 | T25: Cligga Head
A26: 47 | B26: 0 | C26: 0.0614 | D26: 33.23 | E26: 0.0474 | F26: 0 | G26: 0.1947 | H26: 1.02 | I26: 0.8222 | J26: 6.06 | K26: 1.32 | L26: 58.77 | M26: 0.2979 | N26: 101.8235 | O26: Crofty 13 grey sphalerite | Q26: =H26+L26 -> 59.79 | R26: =I26-(K26*Standards!$I$15) -> 0.8192795 | S26: =C26-(I26*0.05) -> 0.02029 | T26: Dolcoath | U26: =COUNT(R26:R84) -> 59 | V26: =MAX(H26:H84) -> 12.01 | W26: =AVERAGE(H26:H84) -> 8.516122 | X26: =MAX(J26:J84) -> 7.27 | Y26: =AVERAGE(J26:J84) -> 0.84922373 | Z26: =10000*MAX(R26:R84) -> 14200 | AA26: =10000*AVERAGE(R26:R84) -> 1416.0218 | AB26: =10000*MAX(G26:G84) -> 9474 | AC26: =10000*AVERAGE(G26:G84) -> 1645.6949 | AD26: =10000*MAX(S26:S84) -> 610.15 | AE26: =10000*AVERAGE(S26:S84) -> 348.44407
A27: 2 | B27: 0 | C27: 0.0611 | D27: 33.76 | E27: 0.0007 | F27: 0 | G27: 0.026 | H27: 0.0573 | I27: 0.0017 | J27: 0.2459 | K27: 0 | L27: 67.56 | M27: 0.1017 | N27: 101.8143 | O27: Crofty 13 sphalerite | Q27: =H27+L27 -> 67.6173 | R27: =I27-(K27*Standards!$I$15) -> 0.0017 | S27: =C27-(I27*0.05) -> 0.061015 | T27: Dolcoath
A28: 8 | B28: 0 | C28: 0.0463 | D28: 33.83 | E28: 0.0051 | F28: 0 | G28: 0.0099 | H28: 0.2654 | I28: 0.0085 | J28: 0.0894 | K28: 0 | L28: 67.25 | M28: 0.1204 | N28: 101.6249 | O28: Crofty 13 sphalerite | Q28: =H28+L28 -> 67.5154 | R28: =I28-(K28*Standards!$I$15) -> 0.0085 | S28: =C28-(I28*0.05) -> 0.045875 | T28: Dolcoath
A29: 1 | B29: 0 | C29: 0.0558 | D29: 33.53 | E29: 0.0504 | F29: 0 | G29: 0.1043 | H29: 0.1258 | I29: 0.0709 | J29: 0.1749 | K29: 0 | L29: 67.14 | M29: 0.1065 | N29: 101.3586 | O29: Crofty 13 sphalerite | Q29: =H29+L29 -> 67.2658 | R29: =I29-(K29*Standards!$I$15) -> 0.0709 | S29: =C29-(I29*0.05) -> 0.052255 | T29: Dolcoath
A30: 50 | B30: 0 | C30: 0.0551 | D30: 33.83 | E30: 0.0889 | F30: 0 | G30: 0.2656 | H30: 0.1815 | I30: 0.1437 | J30: 0.3543 | K30: 0.0559 | L30: 67.09 | M30: 0.0766 | N30: 102.1415 | O30: Crofty 13 sphalerite | Q30: =H30+L30 -> 67.2715 | R30: =I30-(K30*Standards!$I$15) -> 0.14357632 | S30: =C30-(I30*0.05) -> 0.047915 | T30: Dolcoath
A31: 7 | B31: 0 | C31: 0.059 | D31: 33.59 | E31: 0.0161 | F31: 0 | G31: 0.0115 | H31: 0.0612 | I31: 0.024 | J31: 0.2054 | K31: 0 | L31: 67.06 | M31: 0.0982 | N31: 101.1253 | O31: Crofty 13 sphalerite | Q31: =H31+L31 -> 67.1212 | R31: =I31-(K31*Standards!$I$15) -> 0.024 | S31: =C31-(I31*0.05) -> 0.0578 | T31: Dolcoath
A32: 48 | B32: 0 | C32: 0.0613 | D32: 33.68 | E32: 0.1661 | F32: 0 | G32: 0.4217 | H32: 0.0701 | I32: 0.2353 | J32: 0.5734 | K32: 0.001 | L32: 66.66 | M32: 0.1006 | N32: 101.9694 | O32: Crofty 13 sphalerite | Q32: =H32+L32 -> 66.7301 | R32: =I32-(K32*Standards!$I$15) -> 0.23529779 | S32: =C32-(I32*0.05) -> 0.049535 | T32: Dolcoath
A33: 49 | B33: 0 | C33: 0.0613 | D33: 33.74 | E33: 0.3754 | F33: 0 | G33: 0.9001 | H33: 0.149 | I33: 0.2001 | J33: 0.4356 | K33: 0 | L33: 66.56 | M33: 0.0901 | N33: 102.5115 | O33: Crofty 13 sphalerite | Q33: =H33+L33 -> 66.709 | R33: =I33-(K33*Standards!$I$15) -> 0.2001 | S33: =C33-(I33*0.05) -> 0.051295 | T33: Dolcoath
A34: 6 | B34: 0.0285 | C34: 0.0585 | D34: 33.19 | E34: 0.4109 | F34: 0 | G34: 0.9474 | H34: 0.7333 | I34: 0.239 | J34: 3.65 | K34: 0 | L34: 62.53 | M34: 0.1893 | N34: 101.9768 | O34: Crofty 13 sphalerite | Q34: =H34+L34 -> 63.2633 | R34: =I34-(K34*Standards!$I$15) -> 0.239 | S34: =C34-(I34*0.05) -> 0.04655 | T34: Dolcoath
A35: 9 | B35: 0.1712 | C35: 0.0318 | D35: 32.25 | E35: 0.0949 | F35: 0 | G35: 0.2088 | H35: 0.7876 | I35: 0.1794 | J35: 5.08 | K35: 0.0112 | L35: 61.86 | M35: 0.2492 | N35: 100.924 | O35: Crofty 13 sphalerite | Q35: =H35+L35 -> 62.6476 | R35: =I35-(K35*Standards!$I$15) -> 0.17937522 | S35: =C35-(I35*0.05) -> 0.02283 | T35: Dolcoath
A36: 81 | B36: 0 | C36: 0.0277 | D36: 34.59 | E36: 0.0747 | F36: 0 | G36: 0.1285 | H36: 9.83 | I36: 0.0556 | J36: 0.4907 | K36: 0 | L36: 57.57 | M36: 0.1155 | N36: 102.8826 | O36: Crofty 14 sph in py | Q36: =H36+L36 -> 67.4 | R36: =I36-(K36*Standards!$I$15) -> 0.0556 | S36: =C36-(I36*0.05) -> 0.02492 | T36: Dolcoath
A37: 83 | B37: 0 | C37: 0.0233 | D37: 34.93 | E37: 0.0479 | F37: 0 | G37: 0.1309 | H37: 11.56 | I37: 0.0109 | J37: 0.0119 | K37: 0 | L37: 56.49 | M37: 0.1261 | N37: 103.331 | O37: Crofty 14 sph in py | Q37: =H37+L37 -> 68.05 | R37: =I37-(K37*Standards!$I$15) -> 0.0109 | S37: =C37-(I37*0.05) -> 0.022755 | T37: Dolcoath
A38: 84 | B38: 0 | C38: 0.0249 | D38: 34.64 | E38: 0.0552 | F38: 0.017 | G38: 0.1252 | H38: 11.59 | I38: 0.0051 | J38: 0.0856 | K38: 0 | L38: 56.12 | M38: 0.1025 | N38: 102.7654 | O38: Crofty 14 sph in py | Q38: =H38+L38 -> 67.71 | R38: =I38-(K38*Standards!$I$15) -> 0.0051 | S38: =C38-(I38*0.05) -> 0.024645 | T38: Dolcoath
... A84: 90 | B84: 0 | C84: 0.1217 | D84: 33.28 | E84: 0 | F84: 0 | G84: 0.133 | H84: 5.24 | I84: 1.42 | J84: 6.94 | K84: 0 | L84: 53.61 | M84: 0.0466 | N84: 100.7912 | O84: DC-02 sphalerite | Q84: =H84+L84 -> 58.85 | R84: =I84-(K84*Standards!$I$15) -> 1.42 | S84: =C84-(I84*0.05) -> 0.0507 | T84: Dolcoath
A85: 27 | B85: 0 | C85: 0.063 | D85: 32.07 | E85: 0.1695 | F85: 0 | G85: 0.3749 | H85: 0.1076 | I85: 0 | J85: 0 | K85: 0 | L85: 69.06 | M85: 0.1048 | N85: 101.9497 | O85: GS-1 sphalerite | Q85: =H85+L85 -> 69.1676 | R85: =I85-(K85*Standards!$I$15) -> 0 | S85: =C85-(I85*0.05) -> 0.063 | T85: Greystone | U85: =COUNT(R85:R102) -> 18 | V85: =MAX(H85:H102) -> 0.4322 | W85: =AVERAGE(H85:H102) -> 0.17896111 | X85: =MAX(J85:J102) -> 0.3349 | Y85: =AVERAGE(J85:J102) -> 0.039322222 | Z85: =10000*MAX(R85:R102) -> 97 | AA85: =10000*AVERAGE(R85:R102) -> 16 | AB85: =10000*MAX(G85:G102) -> 4928 | AC85: =10000*AVERAGE(G85:G102) -> 4088.4444 | AD85: =10000*MAX(S85:S102) -> 630 | AE85: =10000*AVERAGE(S85:S102) -> 467.58889
A86: 25 | B86: 0 | C86: 0.0356 | D86: 34.07 | E86: 0.2308 | F86: 0.0038 | G86: 0.4518 | H86: 0.1447 | I86: 0 | J86: 0 | K86: 0 | L86: 68 | M86: 0.1314 | N86: 103.068 | O86: GS-1 sphalerite | Q86: =H86+L86 -> 68.1447 | R86: =I86-(K86*Standards!$I$15) -> 0 | S86: =C86-(I86*0.05) -> 0.0356 | T86: Greystone
A87: 17 | B87: 0 | C87: 0.0337 | D87: 34.2 | E87: 0.2042 | F87: 0 | G87: 0.4058 | H87: 0.1599 | I87: 0 | J87: 0 | K87: 0 | L87: 67.97 | M87: 0.1489 | N87: 103.1225 | O87: GS-1 sphalerite | Q87: =H87+L87 -> 68.1299 | R87: =I87-(K87*Standards!$I$15) -> 0 | S87: =C87-(I87*0.05) -> 0.0337 | T87: Greystone
A88: 13 | B88: 0 | C88: 0.0388 | D88: 33.9 | E88: 0.2476 | F88: 0 | G88: 0.4928 | H88: 0.1362 | I88: 0.0005 | J88: 0 | K88: 0 | L88: 67.9 | M88: 0.1506 | N88: 102.8664 | O88: GS-1 sphalerite | Q88: =H88+L88 -> 68.0362 | R88: =I88-(K88*Standards!$I$15) -> 0.0005 | S88: =C88-(I88*0.05) -> 0.038775 | T88: Greystone
A89: 26 | B89: 0 | C89: 0.0365 | D89: 34.05 | E89: 0.2215 | F89: 0 | G89: 0.4393 | H89: 0.1021 | I89: 0 | J89: 0 | K89: 0 | L89: 67.84 | M89: 0.1577 | N89: 102.847 | O89: GS-1 sphalerite | Q89: =H89+L89 -> 67.9421 | R89: =I89-(K89*Standards!$I$15) -> 0 | S89: =C89-(I89*0.05) -> 0.0365 | T89: Greystone
A90: 22 | B90: 0 | C90: 0.049 | D90: 34.05 | E90: 0.1773 | F90: 0 | G90: 0.3639 | H90: 0.1003 | I90: 0.0002 | J90: 0.0089 | K90: 0 | L90: 67.82 | M90: 0.1309 | N90: 102.7004 | O90: GS-1 sphalerite | Q90: =H90+L90 -> 67.9203 | R90: =I90-(K90*Standards!$I$15) -> 0.0002 | S90: =C90-(I90*0.05) -> 0.04899 | T90: Greystone
A91: 19 | B91: 0 | C91: 0.0451 | D91: 34.41 | E91: 0.2236 | F91: 0 | G91: 0.4473 | H91: 0.116 | I91: 0.005 | J91: 0.0092 | K91: 0 | L91: 67.79 | M91: 0.1596 | N91: 103.2057 | O91: GS-1 sphalerite | Q91: =H91+L91 -> 67.906 | R91: =I91-(K91*Standards!$I$15) -> 0.005 | S91: =C91-(I91*0.05) -> 0.04485 | T91: Greystone
A92: 28 | B92: 0 | C92: 0.0429 | D92: 33.99 | E92: 0.152 | F92: 0 | G92: 0.3631 | H92: 0.1153 | I92: 0 | J92: 0 | K92: 0 | L92: 67.7 | M92: 0.1495 | N92: 102.5127 | O92: GS-1 sphalerite | Q92: =H92+L92 -> 67.8153 | R92: =I92-(K92*Standards!$I$15) -> 0 | S92: =C92-(I92*0.05) -> 0.0429 | T92: Greystone
A93: 24 | B93: 0 | C93: 0.0362 | D93: 34.24 | E93: 0.2305 | F93: 0.009 | G93: 0.4373 | H93: 0.1595 | I93: 0 | J93: 0.0058 | K93: 0 | L93: 67.68 | M93: 0.1323 | N93: 102.9305 | O93: GS-1 sphalerite | Q93: =H93+L93 -> 67.8395 | R93: =I93-(K93*Standards!$I$15) -> 0 | S93: =C93-(I93*0.05) -> 0.0362 | T93: Greystone
A94: 12 | B94: 0 | C94: 0.0517 | D94: 34.06 | E94: 0.1723 | F94: 0.0012 | G94: 0.3606 | H94: 0.4322 | I94: 0 | J94: 0.3349 | K94: 0 | L94: 67.65 | M94: 0.1558 | N94: 103.2187 | O94: GS-1 sphalerite | Q94: =H94+L94 -> 68.0822 | R94: =I94-(K94*Standards!$I$15) -> 0 | S94: =C94-(I94*0.05) -> 0.0517 | T94: Greystone
A95: 31 | B95: 0 | C95: 0.0444 | D95: 34.01 | E95: 0.1641 | F95: 0 | G95: 0.3691 | H95: 0.1897 | I95: 0.0011 | J95: 0.0041 | K95: 0 | L95: 67.63 | M95: 0.1184 | N95: 102.5308 | O95: GS-1 sphalerite | Q95: =H95+L95 -> 67.8197 | R95: =I95-(K95*Standards!$I$15) -> 0.0011 | S95: =C95-(I95*0.05) -> 0.044345 | T95: Greystone
A96: 23 | B96: 0 | C96: 0.0597 | D96: 34.03 | E96: 0.2299 | F96: 0 | G96: 0.4381 | H96: 0.1606 | I96: 0.0029 | J96: 0 | K96: 0 | L96: 67.62 | M96: 0.1592 | N96: 102.7003 | O96: GS-1 sphalerite | Q96: =H96+L96 -> 67.7806 | R96: =I96-(K96*Standards!$I$15) -> 0.0029 | S96: =C96-(I96*0.05) -> 0.059555 | T96: Greystone
A97: 16 | B97: 0 | C97: 0.0501 | D97: 34.16 | E97: 0.2035 | F97: 0 | G97: 0.3903 | H97: 0.131 | I97: 0 | J97: 0 | K97: 0 | L97: 67.55 | M97: 0.1299 | N97: 102.6147 | O97: GS-1 sphalerite | Q97: =H97+L97 -> 67.681 | R97: =I97-(K97*Standards!$I$15) -> 0 | S97: =C97-(I97*0.05) -> 0.0501 | T97: Greystone
... A102: 29 | B102: 0 | C102: 0.0496 | D102: 34.02 | E102: 0.1604 | F102: 0 | G102: 0.3688 | H102: 0.3858 | I102: 0 | J102: 0.2147 | K102: 0 | L102: 67.28 | M102: 0.1123 | N102: 102.5915 | O102: GS-1 sphalerite | Q102: =H102+L102 -> 67.6658 | R102: =I102-(K102*Standards!$I$15) -> 0 | S102: =C102-(I102*0.05) -> 0.0496 | T102: Greystone
A103: 161 | B103: 0 | C103: 0.0346 | D103: 34.2 | E103: 0.1009 | F103: 0 | G103: 0.2095 | H103: 5.75 | I103: 0.0654 | J103: 1.46 | K103: 0 | L103: 60.2 | M103: 0.1135 | N103: 102.1339 | O103: GV-2 sphalerite (w ccp disease) | Q103: =H103+L103 -> 65.95 | R103: =I103-(K103*Standards!$I$15) -> 0.0654 | S103: =C103-(I103*0.05) -> 0.03133 | T103: Geevor | U103: =COUNT(R103:R147) -> 45 | V103: =MAX(H103:H147) -> 11.83 | W103: =AVERAGE(H103:H147) -> 10.475111 | X103: =MAX(J103:J147) -> 4.39 | Y103: =AVERAGE(J103:J147) -> 0.55967111 | Z103: =10000*MAX(R103:R147) -> 839 | AA103: =10000*AVERAGE(R103:R147) -> 263.11111 | AB103: =10000*MAX(G103:G147) -> 2095 | AC103: =10000*AVERAGE(G103:G147) -> 1440.0222 | AD103: =10000*MAX(S103:S147) -> 396.4 | AE103: =10000*AVERAGE(S103:S147) -> 260.68889
A104: 160 | B104: 0 | C104: 0.0438 | D104: 34.03 | E104: 0.0974 | F104: 0 | G104: 0.2038 | H104: 4.92 | I104: 0.0832 | J104: 2.79 | K104: 0 | L104: 59.52 | M104: 0.1267 | N104: 101.8148 | O104: GV-2 sphalerite (w ccp disease) | Q104: =H104+L104 -> 64.44 | R104: =I104-(K104*Standards!$I$15) -> 0.0832 | S104: =C104-(I104*0.05) -> 0.03964 | T104: Geevor
A105: 133 | B105: 0 | C105: 0.0332 | D105: 33.96 | E105: 0.0892 | F105: 0 | G105: 0.1721 | H105: 5.27 | I105: 0.0292 | J105: 3.82 | K105: 0 | L105: 58.51 | M105: 0.0873 | N105: 101.9709 | O105: GV-2 sphalerite (w ccp disease) | Q105: =H105+L105 -> 63.78 | R105: =I105-(K105*Standards!$I$15) -> 0.0292 | S105: =C105-(I105*0.05) -> 0.03174 | T105: Geevor
A106: 157 | B106: 0 | C106: 0.0336 | D106: 34.29 | E106: 0.0523 | F106: 0 | G106: 0.1125 | H106: 9.57 | I106: 0.0839 | J106: 0.0298 | K106: 0 | L106: 57.96 | M106: 0.1004 | N106: 102.2324 | O106: GV-2 sphalerite (w ccp disease) | Q106: =H106+L106 -> 67.53 | R106: =I106-(K106*Standards!$I$15) -> 0.0839 | S106: =C106-(I106*0.05) -> 0.029405 | T106: Geevor
A107: 127 | B107: 0 | C107: 0.0283 | D107: 34.26 | E107: 0.0908 | F107: 0 | G107: 0.1824 | H107: 8.18 | I107: 0.0045 | J107: 1.54 | K107: 0 | L107: 57.84 | M107: 0.1106 | N107: 102.2366 | O107: GV-2 sphalerite (w ccp disease) | Q107: =H107+L107 -> 66.02 | R107: =I107-(K107*Standards!$I$15) -> 0.0045 | S107: =C107-(I107*0.05) -> 0.028075 | T107: Geevor
A108: 149 | B108: 0 | C108: 0.0249 | D108: 33.71 | E108: 0.125 | F108: 0 | G108: 0.1954 | H108: 5.35 | I108: 0.0753 | J108: 4 | K108: 0 | L108: 57.49 | M108: 0.1142 | N108: 101.0847 | O108: GV-2 sphalerite (w ccp disease) | Q108: =H108+L108 -> 62.84 | R108: =I108-(K108*Standards!$I$15) -> 0.0753 | S108: =C108-(I108*0.05) -> 0.021135 | T108: Geevor
A109: 128 | B109: 0 | C109: 0.04 | D109: 34.13 | E109: 0.0777 | F109: 0 | G109: 0.1593 | H109: 9.06 | I109: 0.0107 | J109: 1.11 | K109: 0 | L109: 57.18 | M109: 0.114 | N109: 101.8817 | O109: GV-2 sphalerite (w ccp disease) | Q109: =H109+L109 -> 66.24 | R109: =I109-(K109*Standards!$I$15) -> 0.0107 | S109: =C109-(I109*0.05) -> 0.039465 | T109: Geevor
A110: 134 | B110: 0 | C110: 0.0399 | D110: 34.18 | E110: 0.0639 | F110: 0 | G110: 0.1226 | H110: 10.2 | I110: 0.0403 | J110: 0.0003 | K110: 0 | L110: 56.81 | M110: 0.1175 | N110: 101.5744 | O110: GV-2 sphalerite (w ccp disease) | Q110: =H110+L110 -> 67.01 | R110: =I110-(K110*Standards!$I$15) -> 0.0403 | S110: =C110-(I110*0.05) -> 0.037885 | T110: Geevor
A111: 159 | B111: 0 | C111: 0.021 | D111: 34.25 | E111: 0.0693 | F111: 0 | G111: 0.1519 | H111: 7.81 | I111: 0.0167 | J111: 2.68 | K111: 0 | L111: 56.54 | M111: 0.0996 | N111: 101.6385 | O111: GV-2 sphalerite (w ccp disease) | Q111: =H111+L111 -> 64.35 | R111: =I111-(K111*Standards!$I$15) -> 0.0167 | S111: =C111-(I111*0.05) -> 0.020165 | T111: Geevor
A112: 186 | B112: 0 | C112: 0.0211 | D112: 34.29 | E112: 0.0582 | F112: 0 | G112: 0.1338 | H112: 11.04 | I112: 0.0179 | J112: 0.0277 | K112: 0 | L112: 56.11 | M112: 0.1246 | N112: 101.8232 | O112: GV-2 sphalerite (w ccp disease) | Q112: =H112+L112 -> 67.15 | R112: =I112-(K112*Standards!$I$15) -> 0.0179 | S112: =C112-(I112*0.05) -> 0.020205 | T112: Geevor
A113: 170 | B113: 0 | C113: 0.0306 | D113: 34.23 | E113: 0.0557 | F113: 0 | G113: 0.148 | H113: 11.03 | I113: 0.0107 | J113: 0.2544 | K113: 0 | L113: 56.06 | M113: 0.1087 | N113: 101.928 | O113: GV-2 sphalerite (w ccp disease) | Q113: =H113+L113 -> 67.09 | R113: =I113-(K113*Standards!$I$15) -> 0.0107 | S113: =C113-(I113*0.05) -> 0.030065 | T113: Geevor
A114: 184 | B114: 0 | C114: 0.0301 | D114: 34.39 | E114: 0.0702 | F114: 0 | G114: 0.1404 | H114: 11.19 | I114: 0.023 | J114: 0.0071 | K114: 0 | L114: 56.05 | M114: 0.1227 | N114: 102.0235 | O114: GV-2 sphalerite (w ccp disease) | Q114: =H114+L114 -> 67.24 | R114: =I114-(K114*Standards!$I$15) -> 0.023 | S114: =C114-(I114*0.05) -> 0.02895 | T114: Geevor
A115: 131 | B115: 0 | C115: 0.0291 | D115: 34.43 | E115: 0.0561 | F115: 0 | G115: 0.1476 | H115: 11.44 | I115: 0.0221 | J115: 0.1212 | K115: 0 | L115: 55.95 | M115: 0.116 | N115: 102.312 | O115: GV-2 sphalerite (w ccp disease) | Q115: =H115+L115 -> 67.39 | R115: =I115-(K115*Standards!$I$15) -> 0.0221 | S115: =C115-(I115*0.05) -> 0.027995 | T115: Geevor
... A147: 132 | B147: 0 | C147: 0.0216 | D147: 34.44 | E147: 0.0614 | F147: 0 | G147: 0.1377 | H147: 11.81 | I147: 0.0164 | J147: 0.0769 | K147: 0 | L147: 55.25 | M147: 0.1107 | N147: 101.9246 | O147: GV-2 sphalerite (w ccp disease) | Q147: =H147+L147 -> 67.06 | R147: =I147-(K147*Standards!$I$15) -> 0.0164 | S147: =C147-(I147*0.05) -> 0.02078 | T147: Geevor
A148: 1 | B148: 0.025 | C148: 0.0342 | D148: 33.99 | E148: 0.1469 | F148: 0 | G148: 0.3337 | H148: 7.53 | I148: 0.0802 | J148: 3.94 | K148: 0 | L148: 57.04 | M148: 0.0997 | N148: 103.2196 | O148: HD-01 sphalerite | Q148: =H148+L148 -> 64.57 | R148: =I148-(K148*Standards!$I$15) -> 0.0802 | S148: =C148-(I148*0.05) -> 0.03019 | T148: Hingston Down | U148: =COUNT(R148:R150) -> 3 | V148: =MAX(H148:H150) -> 7.53 | W148: =AVERAGE(H148:H150) -> 2.8903667 | X148: =MAX(J148:J150) -> 3.94 | Y148: =AVERAGE(J148:J150) -> 1.9346 | Z148: =10000*MAX(R148:R150) -> 802 | AA148: =10000*AVERAGE(R148:R150) -> 321.46208 | AB148: =10000*MAX(G148:G150) -> 3796 | AC148: =10000*AVERAGE(G148:G150) -> 3215 | AD148: =10000*MAX(S148:S150) -> 434.75 | AE148: =10000*AVERAGE(S148:S150) -> 386.95
A149: 5 | B149: 0 | C149: 0.0429 | D149: 33.77 | E149: 0.1948 | F149: 0 | G149: 0.3796 | H149: 0.5508 | I149: 0.0096 | J149: 0.6838 | K149: 0.387 | L149: 67.67 | M149: 0.1095 | N149: 103.798 | O149: HD-01 sphalerite | Q149: =H149+L149 -> 68.2208 | R149: =I149-(K149*Standards!$I$15) -> 0.0087437625 | S149: =C149-(I149*0.05) -> 0.04242 | T149: Hingston Down
A150: 24 | B150: 0 | C150: 0.0439 | D150: 33.59 | E150: 0.11 | F150: 0 | G150: 0.2512 | H150: 0.5903 | I150: 0.0085 | J150: 1.18 | K150: 0.4543 | L150: 67.89 | M150: 0.094 | N150: 104.2122 | O150: HD-01 sphalerite? | Q150: =H150+L150 -> 68.4803 | R150: =I150-(K150*Standards!$I$15) -> 0.0074948613 | S150: =C150-(I150*0.05) -> 0.043475 | T150: Hingston Down
A151: 42 | B151: 0 | C151: 0.056 | D151: 33.98 | E151: 0.0579 | F151: 0 | G151: 0.1659 | H151: 1.14 | I151: 0 | J151: 0.0134 | K151: 0 | L151: 66.65 | M151: 0.0918 | N151: 102.1549 | O151: KH-02 sphalerite | Q151: =H151+L151 -> 67.79 | R151: =I151-(K151*Standards!$I$15) -> 0 | S151: =C151-(I151*0.05) -> 0.056 | T151: Duchy Peru | U151: =COUNT(R151:R181) -> 31 | V151: =MAX(H151:H181) -> 5.78 | W151: =AVERAGE(H151:H181) -> 2.4458065 | X151: =MAX(J151:J181) -> 0.5271 | Y151: =AVERAGE(J151:J181) -> 0.15783871 | Z151: =10000*MAX(R151:R181) -> 34 | AA151: =10000*AVERAGE(R151:R181) -> 7.2510621 | AB151: =10000*MAX(G151:G181) -> 6892 | AC151: =10000*AVERAGE(G151:G181) -> 2311.3226 | AD151: =10000*MAX(S151:S181) -> 583.9 | AE151: =10000*AVERAGE(S151:S181) -> 490.59677
A152: 9 | B152: 0 | C152: 0.0496 | D152: 34.35 | E152: 0.0866 | F152: 0.0047 | G152: 0.1844 | H152: 1.37 | I152: 0 | J152: 0.1755 | K152: 0.011 | L152: 66.57 | M152: 0.1415 | N152: 102.9432 | O152: KH-02 sphalerite | Q152: =H152+L152 -> 67.94 | R152: =I152-(K152*Standards!$I$15) -> -2.43375e-05 | S152: =C152-(I152*0.05) -> 0.0496 | T152: Duchy Peru
A153: 45 | B153: 0 | C153: 0.0563 | D153: 34.1 | E153: 0.0505 | F153: 0 | G153: 0.1459 | H153: 1.33 | I153: 0.0026 | J153: 0.0332 | K153: 0 | L153: 66.44 | M153: 0.0897 | N153: 102.2482 | O153: KH-02 sphalerite | Q153: =H153+L153 -> 67.77 | R153: =I153-(K153*Standards!$I$15) -> 0.0026 | S153: =C153-(I153*0.05) -> 0.05617 | T153: Duchy Peru
A154: 43 | B154: 0 | C154: 0.0486 | D154: 33.97 | E154: 0.0754 | F154: 0 | G154: 0.181 | H154: 1.13 | I154: 0 | J154: 0.0203 | K154: 0 | L154: 66.39 | M154: 0.1066 | N154: 101.9219 | O154: KH-02 sphalerite | Q154: =H154+L154 -> 67.52 | R154: =I154-(K154*Standards!$I$15) -> 0 | S154: =C154-(I154*0.05) -> 0.0486 | T154: Duchy Peru
A155: 135 | B155: 0 | C155: 0.0529 | D155: 34.07 | E155: 0.0643 | F155: 0 | G155: 0.1621 | H155: 1.05 | I155: 0 | J155: 0.5138 | K155: 0 | L155: 66.27 | M155: 0.0809 | N155: 102.2639 | O155: KH-02 Sphalerite | Q155: =H155+L155 -> 67.32 | R155: =I155-(K155*Standards!$I$15) -> 0 | S155: =C155-(I155*0.05) -> 0.0529 | T155: Duchy Peru
A156: 6 | B156: 0 | C156: 0.043 | D156: 33.99 | E156: 0.0946 | F156: 0.004 | G156: 0.1705 | H156: 1.72 | I156: 0 | J156: 0.1647 | K156: 0.0406 | L156: 66.23 | M156: 0.0927 | N156: 102.5501 | O156: KH-02 sphalerite | Q156: =H156+L156 -> 67.95 | R156: =I156-(K156*Standards!$I$15) -> -8.98275e-05 | S156: =C156-(I156*0.05) -> 0.043 | T156: Duchy Peru
A157: 44 | B157: 0 | C157: 0.0488 | D157: 34.01 | E157: 0.0618 | F157: 0 | G157: 0.1581 | H157: 1.25 | I157: 0.0032 | J157: 0.1544 | K157: 0 | L157: 66.23 | M157: 0.0911 | N157: 102.0074 | O157: KH-02 sphalerite | Q157: =H157+L157 -> 67.48 | R157: =I157-(K157*Standards!$I$15) -> 0.0032 | S157: =C157-(I157*0.05) -> 0.04864 | T157: Duchy Peru
A158: 36 | B158: 0 | C158: 0.053 | D158: 33.94 | E158: 0.0664 | F158: 0.0029 | G158: 0.1701 | H158: 1.84 | I158: 0.0015 | J158: 0.0139 | K158: 0 | L158: 66.11 | M158: 0.0852 | N158: 102.2829 | O158: KH-02 sphalerite | Q158: =H158+L158 -> 67.95 | R158: =I158-(K158*Standards!$I$15) -> 0.0015 | S158: =C158-(I158*0.05) -> 0.052925 | T158: Duchy Peru
A159: 23 | B159: 0 | C159: 0.0522 | D159: 34.33 | E159: 0.0916 | F159: 0.0907 | G159: 0.1621 | H159: 1.91 | I159: 0 | J159: 0.1666 | K159: 0 | L159: 66.06 | M159: 0.104 | N159: 102.9671 | O159: KH-02 sphalerite | Q159: =H159+L159 -> 67.97 | R159: =I159-(K159*Standards!$I$15) -> 0 | S159: =C159-(I159*0.05) -> 0.0522 | T159: Duchy Peru
A160: 24 | B160: 0 | C160: 0.0476 | D160: 33.96 | E160: 0.0592 | F160: 0 | G160: 0.1721 | H160: 1.87 | I160: 0.001 | J160: 0.1586 | K160: 0 | L160: 65.84 | M160: 0.0998 | N160: 102.2082 | O160: KH-02 sphalerite | Q160: =H160+L160 -> 67.71 | R160: =I160-(K160*Standards!$I$15) -> 0.001 | S160: =C160-(I160*0.05) -> 0.04755 | T160: Duchy Peru
A161: 8 | B161: 0 | C161: 0.0413 | D161: 34 | E161: 0.0407 | F161: 0 | G161: 0.115 | H161: 2.22 | I161: 0 | J161: 0.0742 | K161: 0 | L161: 65.81 | M161: 0.102 | N161: 102.4031 | O161: KH-02 sphalerite | Q161: =H161+L161 -> 68.03 | R161: =I161-(K161*Standards!$I$15) -> 0 | S161: =C161-(I161*0.05) -> 0.0413 | T161: Duchy Peru
A162: 11 | B162: 0 | C162: 0.0583 | D162: 34.07 | E162: 0.0877 | F162: 0.0477 | G162: 0.1672 | H162: 1.86 | I162: 0.0034 | J162: 0.2717 | K162: 0 | L162: 65.79 | M162: 0.1144 | N162: 102.4704 | O162: KH-02 sphalerite | Q162: =H162+L162 -> 67.65 | R162: =I162-(K162*Standards!$I$15) -> 0.0034 | S162: =C162-(I162*0.05) -> 0.05813 | T162: Duchy Peru
A163: 21 | B163: 0 | C163: 0.0585 | D163: 34.12 | E163: 0.0557 | F163: 0.0035 | G163: 0.1521 | H163: 2.22 | I163: 0.0022 | J163: 0.0649 | K163: 0 | L163: 65.72 | M163: 0.0898 | N163: 102.4866 | O163: KH-02 sphalerite | Q163: =H163+L163 -> 67.94 | R163: =I163-(K163*Standards!$I$15) -> 0.0022 | S163: =C163-(I163*0.05) -> 0.05839 | T163: Duchy Peru
... A181: 16 | B181: 0 | C181: 0.0382 | D181: 34.18 | E181: 0.3127 | F181: 0.0013 | G181: 0.6892 | H181: 5.36 | I181: 0.0027 | J181: 0.0631 | K181: 0 | L181: 61.55 | M181: 0.099 | N181: 102.2962 | O181: KH-02 sphalerite | Q181: =H181+L181 -> 66.91 | R181: =I181-(K181*Standards!$I$15) -> 0.0027 | S181: =C181-(I181*0.05) -> 0.038065 | T181: Duchy Peru
A182: 91 | B182: 0 | C182: 0.014 | D182: 34.49 | E182: 0.0523 | F182: 0.0045 | G182: 0.1075 | H182: 11.35 | I182: 0.0334 | J182: 0.0687 | K182: 0 | L182: 55.42 | M182: 0.1189 | N182: 101.6592 | O182: LOC5-sphalerite | Q182: =H182+L182 -> 66.77 | R182: =I182-(K182*Standards!$I$15) -> 0.0334 | S182: =C182-(I182*0.05) -> 0.01233 | T182: Creegbrawse | U182: =COUNT(R182:R205) -> 24 | V182: =MAX(H182:H205) -> 11.35 | W182: =AVERAGE(H182:H205) -> 10.371667 | X182: =MAX(J182:J205) -> 0.1151 | Y182: =AVERAGE(J182:J205) -> 0.019233333 | Z182: =10000*MAX(R182:R205) -> 1150 | AA182: =10000*AVERAGE(R182:R205) -> 207.5 | AB182: =10000*MAX(G182:G205) -> 1233 | AC182: =10000*AVERAGE(G182:G205) -> 1110.1667 | AD182: =10000*MAX(S182:S205) -> 426.7 | AE182: =10000*AVERAGE(S182:S205) -> 278.79167
A183: 95 | B183: 0 | C183: 0.0167 | D183: 34.21 | E183: 0.0531 | F183: 0 | G183: 0.1127 | H183: 10.82 | I183: 0.0443 | J183: 0.0033 | K183: 0 | L183: 55.72 | M183: 0.1107 | N183: 101.0908 | O183: LOC5-sphalerite | Q183: =H183+L183 -> 66.54 | R183: =I183-(K183*Standards!$I$15) -> 0.0443 | S183: =C183-(I183*0.05) -> 0.014485 | T183: Creegbrawse
A184: 96 | B184: 0 | C184: 0.0293 | D184: 34.28 | E184: 0.0621 | F184: 0 | G184: 0.1214 | H184: 10.64 | I184: 0.0249 | J184: 0.0156 | K184: 0 | L184: 55.79 | M184: 0.1244 | N184: 101.0876 | O184: LOC5-sphalerite | Q184: =H184+L184 -> 66.43 | R184: =I184-(K184*Standards!$I$15) -> 0.0249 | S184: =C184-(I184*0.05) -> 0.028055 | T184: Creegbrawse
A185: 100 | B185: 0 | C185: 0.0444 | D185: 34.18 | E185: 0.0503 | F185: 0 | G185: 0.1186 | H185: 10.81 | I185: 0.0346 | J185: 0.0206 | K185: 0 | L185: 55.89 | M185: 0.1091 | N185: 101.2575 | O185: LOC5-sphalerite | Q185: =H185+L185 -> 66.7 | R185: =I185-(K185*Standards!$I$15) -> 0.0346 | S185: =C185-(I185*0.05) -> 0.04267 | T185: Creegbrawse
A186: 90 | B186: 0 | C186: 0.0088 | D186: 34.47 | E186: 0.0407 | F186: 0 | G186: 0.1144 | H186: 11.09 | I186: 0.0118 | J186: 0 | K186: 0 | L186: 55.93 | M186: 0.1053 | N186: 101.7709 | O186: LOC5-sphalerite | Q186: =H186+L186 -> 67.02 | R186: =I186-(K186*Standards!$I$15) -> 0.0118 | S186: =C186-(I186*0.05) -> 0.00821 | T186: Creegbrawse
A187: 87 | B187: 0 | C187: 0.0117 | D187: 34.29 | E187: 0.0462 | F187: 0 | G187: 0.1228 | H187: 10.75 | I187: 0.0091 | J187: 0.1151 | K187: 0 | L187: 55.98 | M187: 0.0952 | N187: 101.4201 | O187: LOC5-sphalerite | Q187: =H187+L187 -> 66.73 | R187: =I187-(K187*Standards!$I$15) -> 0.0091 | S187: =C187-(I187*0.05) -> 0.011245 | T187: Creegbrawse
A188: 97 | B188: 0 | C188: 0.0211 | D188: 34.26 | E188: 0.0637 | F188: 0 | G188: 0.1098 | H188: 10.54 | I188: 0.0337 | J188: 0.0278 | K188: 0 | L188: 56.1 | M188: 0.0757 | N188: 101.2317 | O188: LOC5-sphalerite | Q188: =H188+L188 -> 66.64 | R188: =I188-(K188*Standards!$I$15) -> 0.0337 | S188: =C188-(I188*0.05) -> 0.019415 | T188: Creegbrawse
A189: 99 | B189: 0 | C189: 0.0201 | D189: 34.25 | E189: 0.0543 | F189: 0 | G189: 0.1103 | H189: 10.31 | I189: 0.0595 | J189: 0.0458 | K189: 0 | L189: 56.2 | M189: 0.1013 | N189: 101.1513 | O189: LOC5-sphalerite | Q189: =H189+L189 -> 66.51 | R189: =I189-(K189*Standards!$I$15) -> 0.0595 | S189: =C189-(I189*0.05) -> 0.017125 | T189: Creegbrawse
A190: 81 | B190: 0 | C190: 0.0356 | D190: 34.31 | E190: 0.0342 | F190: 0 | G190: 0.1145 | H190: 10.97 | I190: 0.0268 | J190: 0.0148 | K190: 0 | L190: 56.25 | M190: 0.1004 | N190: 101.8562 | O190: LOC5-sphalerite | Q190: =H190+L190 -> 67.22 | R190: =I190-(K190*Standards!$I$15) -> 0.0268 | S190: =C190-(I190*0.05) -> 0.03426 | T190: Creegbrawse
A191: 85 | B191: 0 | C191: 0.0227 | D191: 34.28 | E191: 0.0457 | F191: 0 | G191: 0.1147 | H191: 10.64 | I191: 0 | J191: 0.0068 | K191: 0 | L191: 56.25 | M191: 0.0922 | N191: 101.452 | O191: LOC5-sphalerite | Q191: =H191+L191 -> 66.89 | R191: =I191-(K191*Standards!$I$15) -> 0 | S191: =C191-(I191*0.05) -> 0.0227 | T191: Creegbrawse
A192: 80 | B192: 0 | C192: 0.0393 | D192: 34.15 | E192: 0.028 | F192: 0 | G192: 0.1102 | H192: 10.73 | I192: 0.115 | J192: 0.0624 | K192: 0 | L192: 56.27 | M192: 0.0991 | N192: 101.6039 | O192: LOC5-sphalerite | Q192: =H192+L192 -> 67 | R192: =I192-(K192*Standards!$I$15) -> 0.115 | S192: =C192-(I192*0.05) -> 0.03355 | T192: Creegbrawse
A193: 51 | B193: 0 | C193: 0.037 | D193: 34.24 | E193: 0.039 | F193: 0 | G193: 0.1056 | H193: 10.71 | I193: 0.0161 | J193: 0.018 | K193: 0 | L193: 56.3 | M193: 0.1044 | N193: 101.57 | O193: LOC5-sphalerite | Q193: =H193+L193 -> 67.01 | R193: =I193-(K193*Standards!$I$15) -> 0.0161 | S193: =C193-(I193*0.05) -> 0.036195 | T193: Creegbrawse
A194: 79 | B194: 0 | C194: 0.0431 | D194: 34.1 | E194: 0.0529 | F194: 0 | G194: 0.1233 | H194: 10.9 | I194: 0.0555 | J194: 0.0348 | K194: 0 | L194: 56.37 | M194: 0.0919 | N194: 101.7714 | O194: LOC5-sphalerite | Q194: =H194+L194 -> 67.27 | R194: =I194-(K194*Standards!$I$15) -> 0.0555 | S194: =C194-(I194*0.05) -> 0.040325 | T194: Creegbrawse
... A205: 82 | B205: 0 | C205: 0.0336 | D205: 34.06 | E205: 0.0467 | F205: 0 | G205: 0.1094 | H205: 9.15 | I205: 0.0099 | J205: 0 | K205: 0 | L205: 57.76 | M205: 0.0938 | N205: 101.2634 | O205: LOC5-sphalerite | Q205: =H205+L205 -> 66.91 | R205: =I205-(K205*Standards!$I$15) -> 0.0099 | S205: =C205-(I205*0.05) -> 0.033105 | T205: Creegbrawse
A206: 29 | B206: 0 | C206: 0.0507 | D206: 34.06 | E206: 0.1111 | F206: 0 | G206: 0.2492 | H206: 3.54 | I206: 0.0556 | J206: 0.0663 | K206: 0 | L206: 64.83 | M206: 0.1136 | N206: 103.0765 | O206: Ludcott sphalerite | Q206: =H206+L206 -> 68.37 | R206: =I206-(K206*Standards!$I$15) -> 0.0556 | S206: =C206-(I206*0.05) -> 0.04792 | T206: Wrey-Ludcott | U206: =COUNT(R206:R224,R526:R531) -> 25 | V206: =MAX(H206:H224,H526:H531) -> 6.27 | W206: =AVERAGE(H206:H224,H526:H531) -> 3.4621 | X206: =MAX(J206:J224,J526:J531) -> 2.5 | Y206: =AVERAGE(J206:J224,J526:J531) -> 0.220776 | Z206: =10000*MAX(R206:R224,R526:R531) -> 1071 | AA206: =10000*AVERAGE(R206:R224,R526:R531) -> 335.5261 | AB206: =10000*MAX(G206:G224,G526:G531) -> 4378 | AC206: =10000*AVERAGE(G206:G224,G526:G531) -> 2686.52 | AD206: =10000*MAX(S206:S224,S526:S531) -> 647 | AE206: =10000*AVERAGE(S206:S224,S526:S531) -> 486.542
A207: 26 | B207: 0 | C207: 0.0514 | D207: 34.24 | E207: 0.0891 | F207: 0 | G207: 0.2315 | H207: 3.62 | I207: 0.0425 | J207: 0.0929 | K207: 0 | L207: 64.7 | M207: 0.1277 | N207: 103.195 | O207: Ludcott sphalerite | Q207: =H207+L207 -> 68.32 | R207: =I207-(K207*Standards!$I$15) -> 0.0425 | S207: =C207-(I207*0.05) -> 0.049275 | T207: Wrey-Ludcott
A208: 25 | B208: 0 | C208: 0.0413 | D208: 34.06 | E208: 0.0941 | F208: 0 | G208: 0.2466 | H208: 3.79 | I208: 0.0311 | J208: 0.0213 | K208: 0 | L208: 64.67 | M208: 0.1094 | N208: 103.0638 | O208: Ludcott sphalerite | Q208: =H208+L208 -> 68.46 | R208: =I208-(K208*Standards!$I$15) -> 0.0311 | S208: =C208-(I208*0.05) -> 0.039745 | T208: Wrey-Ludcott
...

Sheet Cassiterite
A1: No. | B1: As | C1: Ga | D1: S | E1: Ag | F1: Sb | G1: Cd | H1: Fe | I1: In | J1: Cu | K1: Sn | L1: Zn | M1: Pb | N1: Total | O1: Sample | Q1: In (ppm) | R1: In/Sn | S1: In (corrected) | T1: Location | U1: n | V1: Fe [max] | W1: Fe [ave] | X1: In [max] | Y1: In [ave]
A2: 2 | B2: 0 | C2: 0 | D2: 0.0046 | E2: 0 | F2: 0 | G2: 0 | H2: 0.0166 | I2: 0.3238 | J2: 0.0769 | K2: 98.66 | L2: 0.1204 | M2: 0.0189 | N2: 99.2213 | O2: Sn-std | Q2: =10000*I2 -> 3238 | R2: =I2/K2 -> 0.0032819785 | S2: =10000*(I2-(K2*Standards!I$15)) -> 1055.1475
A3: 3 | B3: 0 | C3: 0 | D3: 0.0015 | E3: 0 | F3: 0 | G3: 0 | H3: 0.0075 | I3: 0.295 | J3: 0.0637 | K3: 98.47 | L3: 0.0906 | M3: 0.0061 | N3: 98.9345 | O3: Sn-std | Q3: =10000*I3 -> 2950 | R3: =I3/K3 -> 0.0029958363 | S3: =10000*(I3-(K3*Standards!I$15)) -> 771.35125
A4: 6 | B4: 0 | C4: 0 | D4: 0.0024 | E4: 0 | F4: 0 | G4: 0 | H4: 0.0049 | I4: 0.2737 | J4: 0.0159 | K4: 94.6 | L4: 0.0515 | M4: 0.0261 | N4: 94.9745 | O4: Sn-std | Q4: =10000*I4 -> 2737 | R4: =I4/K4 -> 0.0028932347 | S4: =10000*(I4-(K4*Standards!I$15)) -> 643.975
A5: 1 | B5: 0 | C5: 0 | D5: 0.0019 | E5: 0 | F5: 0 | G5: 0 | H5: 0.0016 | I5: 0.3195 | J5: 0.054 | K5: 98.6 | L5: 0.0442 | M5: 0 | N5: 99.0212 | O5: Sn-std | Q5: =10000*I5 -> 3195 | R5: =I5/K5 -> 0.0032403651 | S5: =10000*(I5-(K5*Standards!I$15)) -> 1013.475
A6: 8 | B6: 0 | C6: 0 | D6: 0 | E6: 0 | F6: 0 | G6: 0 | H6: 0.0006 | I6: 0.2878 | J6: 0.0313 | K6: 97.64 | L6: 0.088 | M6: 0 | N6: 98.0478 | O6: Sn-std | Q6: =10000*I6 -> 2878 | R6: =I6/K6 -> 0.0029475625 | S6: =10000*(I6-(K6*Standards!I$15)) -> 717.715
A7: 4 | B7: 0 | C7: 0 | D7: 0.0133 | E7: 0 | F7: 0 | G7: 0 | H7: 0 | I7: 0.2866 | J7: 0.1029 | K7: 98.18 | L7: 0.1355 | M7: 0.0115 | N7: 98.7299 | O7: Sn-std | Q7: =10000*I7 -> 2866 | R7: =I7/K7 -> 0.0029191281 | S7: =10000*(I7-(K7*Standards!I$15)) -> 693.7675
A8: 7 | B8: 0 | C8: 0 | D8: 0.0021 | E8: 0 | F8: 0 | G8: 0 | H8: 0 | I8: 0.2808 | J8: 0.0597 | K8: 97.96 | L8: 0.0668 | M8: 0.0248 | N8: 98.3943 | O8: Sn-std | Q8: =10000*I8 -> 2808 | R8: =I8/K8 -> 0.0028664761 | S8: =10000*(I8-(K8*Standards!I$15)) -> 640.635
A9: 10 | B9: 0 | C9: 0 | D9: 0.0044 | E9: 0 | F9: 0 | G9: 0 | H9: 0 | I9: 0.2885 | J9: 0.0388 | K9: 97.79 | L9: 0.0575 | M9: 0.0011 | N9: 98.1804 | O9: Sn-std | Q9: =10000*I9 -> 2885 | R9: =I9/K9 -> 0.0029501994 | S9: =10000*(I9-(K9*Standards!I$15)) -> 721.39625
A10: 9 | B10: 0 | C10: 0 | D10: 0.0022 | E10: 0 | F10: 0 | G10: 0 | H10: 0 | I10: 0.2926 | J10: 0.0222 | K10: 97.95 | L10: 0.0394 | M10: 0 | N10: 98.3064 | O10: Sn-std | Q10: =10000*I10 -> 2926 | R10: =I10/K10 -> 0.0029872384 | S10: =10000*(I10-(K10*Standards!I$15)) -> 758.85625
A11: 5 | B11: 0 | C11: 0 | D11: 0 | E11: 0 | F11: 0 | G11: 0 | H11: 0 | I11: 0.2976 | J11: 0.044 | K11: 98.36 | L11: 0.0289 | M11: 0.0155 | N11: 98.7461 | O11: Sn-std | Q11: =10000*I11 -> 2976 | R11: =I11/K11 -> 0.0030256202 | S11: =10000*(I11-(K11*Standards!I$15)) -> 799.785
A12: 1 | B12: 0 | C12: 0 | D12: 0.0029 | E12: 0 | F12: 0 | G12: 0 | H12: 0.0026 | I12: 0.324 | J12: 0.0329 | K12: 97.94 | L12: 0.0194 | M12: 0.018 | N12: 98.3399 | O12: Sn standard | Q12: =10000*I12 -> 3240 | R12: =I12/K12 -> 0.0033081478 | S12: =10000*(I12-(K12*Standards!I$15)) -> 1073.0775
A13: 55 | B13: 0 | C13: 0 | D13: 0.0103 | E13: 0 | F13: 0 | G13: 0 | H13: 1.71 | I13: 0.3158 | J13: 0 | K13: 72.49 | L13: 0 | M13: 0.0005 | N13: 74.5267 | O13: SC-01B sphalerite | Q13: =10000*I13 -> 3158 | R13: =I13/K13 -> 0.004356463 | S13: =10000*(I13-(K13*Standards!I$15)) -> 1554.1588 | T13: Dolcoath | U13: =COUNT(S13,S52:S53,S55:S67) -> 16 | V13: =MAX(H13,H52:H53,H55:H67) -> 1.71 | W13: =AVERAGE(H13,H52:H53,H55:H67) -> 0.37696875 | X13: =MAX(S13,S52:S53,S55:S67) -> 1554.1588 | Y13: =AVERAGE(S13,S52:S53,S55:S67) -> 507.49758
A14: 3 | B14: 0 | C14: 0 | D14: 0.0031 | E14: 0 | F14: 0 | G14: 0 | H14: 0.2572 | I14: 0.242 | J14: 0 | K14: 75.1 | L14: 0 | M14: 0.0002 | N14: 75.6025 | O14: RM82-25-185.6 cassiterite | Q14: =10000*I14 -> 2420 | R14: =I14/K14 -> 0.0032223702 | S14: =10000*(I14-(K14*Standards!I$15)) -> 758.4125 | T14: Dolcoath
A15: 4 | B15: 0 | C15: 0 | D15: 0.0028 | E15: 0 | F15: 0 | G15: 0 | H15: 0.0418 | I15: 0.2307 | J15: 0 | K15: 73.5 | L15: 0 | M15: 0 | N15: 73.7754 | O15: RM82-25-185.6 cassiterite | Q15: =10000*I15 -> 2307 | R15: =I15/K15 -> 0.0031387755 | S15: =10000*(I15-(K15*Standards!I$15)) -> 680.8125 | T15: Dolcoath
A16: 42 | B16: 0 | C16: 0 | D16: 0.0055 | E16: 0 | F16: 0 | G16: 0 | H16: 0.0421 | I16: 0.1997 | J16: 0 | K16: 73.03 | L16: 0 | M16: 0 | N16: 73.2774 | O16: RM82-21-273 cassiterite | Q16: =10000*I16 -> 1997 | R16: =I16/K16 -> 0.0027344927 | S16: =10000*(I16-(K16*Standards!I$15)) -> 381.21125 | T16: Dolcoath
A17: 20 | B17: 0 | C17: 0 | D17: 0.0176 | E17: 0 | F17: 0 | G17: 0 | H17: 0.3017 | I17: 0.208 | J17: 0 | K17: 75.59 | L17: 0 | M17: 0.0094 | N17: 76.1267 | O17: RJS-WJ01-cassiterite | Q17: =10000*I17 -> 2080 | R17: =I17/K17 -> 0.0027516867 | S17: =10000*(I17-(K17*Standards!I$15)) -> 407.57125 | T17: Wheal Jane | U17: =COUNT(S17:S18) -> 2 | V17: =MAX(H17:H18) -> 0.3017 | W17: =AVERAGE(H17:H18) -> 0.17225 | X17: =MAX(S17:S18) -> 486.21875 | Y17: =AVERAGE(S17:S18) -> 446.895
A18: 29 | B18: 0 | C18: 0 | D18: 0.0008 | E18: 0 | F18: 0 | G18: 0 | H18: 0.0428 | I18: 0.2129 | J18: 0 | K18: 74.25 | L18: 0.0172 | M18: 0.0028 | N18: 74.5266 | O18: RJS-WJ01-cassiterite | Q18: =10000*I18 -> 2129 | R18: =I18/K18 -> 0.0028673401 | S18: =10000*(I18-(K18*Standards!I$15)) -> 486.21875 | T18: Wheal Jane
A19: 65 | B19: 0 | C19: 0 | D19: 0.0065 | E19: 0 | F19: 0 | G19: 0 | H19: 1.32 | I19: 0.3501 | J19: 0.0141 | K19: 73.44 | L19: 0 | M19: 0 | N19: 75.1308 | O19: RJS-GV-7 cassiterite | Q19: =10000*I19 -> 3501 | R19: =I19/K19 -> 0.0047671569 | S19: =10000*(I19-(K19*Standards!I$15)) -> 1876.14 | T19: Geevor | U19: =COUNT(S19:S36) -> 18 | V19: =MAX(H19:H36) -> 1.32 | W19: =AVERAGE(H19:H36) -> 0.30806111 | X19: =MAX(S19:S36) -> 1876.14 | Y19: =AVERAGE(S19:S36) -> 863.38111
A20: 53 | B20: 0 | C20: 0 | D20: 0.0025 | E20: 0 | F20: 0 | G20: 0 | H20: 1.19 | I20: 0.3083 | J20: 0 | K20: 73.97 | L20: 0 | M20: 0 | N20: 75.4709 | O20: RJS-GV-7 cassiterite | Q20: =10000*I20 -> 3083 | R20: =I20/K20 -> 0.0041679059 | S20: =10000*(I20-(K20*Standards!I$15)) -> 1446.4138 | T20: Geevor
A21: 51 | B21: 0 | C21: 0 | D21: 0.0185 | E21: 0 | F21: 0 | G21: 0 | H21: 0.6481 | I21: 0.2255 | J21: 0.0056 | K21: 74.83 | L21: 0.0031 | M21: 0.0067 | N21: 75.7375 | O21: RJS-GV-7 cassiterite | Q21: =10000*I21 -> 2255 | R21: =I21/K21 -> 0.0030134973 | S21: =10000*(I21-(K21*Standards!I$15)) -> 599.38625 | T21: Geevor
A22: 52 | B22: 0 | C22: 0 | D22: 0.0046 | E22: 0 | F22: 0 | G22: 0 | H22: 0.384 | I22: 0.2207 | J22: 0 | K22: 74.19 | L22: 0 | M22: 0 | N22: 74.7994 | O22: RJS-GV-7 cassiterite | Q22: =10000*I22 -> 2207 | R22: =I22/K22 -> 0.0029747944 | S22: =10000*(I22-(K22*Standards!I$15)) -> 565.54625 | T22: Geevor
A23: 66 | B23: 0 | C23: 0 | D23: 0.0021 | E23: 0 | F23: 0 | G23: 0 | H23: 0.0161 | I23: 0.2321 | J23: 0.0161 | K23: 73.55 | L23: 0 | M23: 0.0009 | N23: 73.8174 | O23: RJS-GV-7 cassiterite | Q23: =10000*I23 -> 2321 | R23: =I23/K23 -> 0.0031556764 | S23: =10000*(I23-(K23*Standards!I$15)) -> 693.70625 | T23: Geevor
A24: 67 | B24: 0 | C24: 0 | D24: 0.0014 | E24: 0 | F24: 0 | G24: 0 | H24: 0.015 | I24: 0.234 | J24: 0.0234 | K24: 74.04 | L24: 0 | M24: 0 | N24: 74.3139 | O24: RJS-GV-7 cassiterite | Q24: =10000*I24 -> 2340 | R24: =I24/K24 -> 0.0031604538 | S24: =10000*(I24-(K24*Standards!I$15)) -> 701.865 | T24: Geevor
A25: 132 | B25: 0 | C25: 0 | D25: 0 | E25: 0 | F25: 0 | G25: 0 | H25: 0.5539 | I25: 0.2845 | J25: 0.0061 | K25: 74.91 | L25: 0 | M25: 0.0078 | N25: 75.7624 | O25: RJS-GV5-cassiterite | Q25: =10000*I25 -> 2845 | R25: =I25/K25 -> 0.0037978908 | S25: =10000*(I25-(K25*Standards!I$15)) -> 1187.6162 | T25: Geevor
A26: 120 | B26: 0 | C26: 0 | D26: 0.0032 | E26: 0 | F26: 0 | G26: 0 | H26: 0.4302 | I26: 0.2597 | J26: 0.0012 | K26: 74.35 | L26: 0.0139 | M26: 0 | N26: 75.0583 | O26: RJS-GV5-cassiterite | Q26: =10000*I26 -> 2597 | R26: =I26/K26 -> 0.0034929388 | S26: =10000*(I26-(K26*Standards!I$15)) -> 952.00625 | T26: Geevor
A27: 148 | B27: 0 | C27: 0 | D27: 0.0014 | E27: 0 | F27: 0 | G27: 0 | H27: 0.3235 | I27: 0.2471 | J27: 0.0143 | K27: 74.77 | L27: 0 | M27: 0 | N27: 75.3564 | O27: RJS-GV5-cassiterite | Q27: =10000*I27 -> 2471 | R27: =I27/K27 -> 0.0033048014 | S27: =10000*(I27-(K27*Standards!I$15)) -> 816.71375 | T27: Geevor
A28: 151 | B28: 0 | C28: 0 | D28: 0 | E28: 0 | F28: 0 | G28: 0 | H28: 0.1424 | I28: 0.2347 | J28: 0 | K28: 74.61 | L28: 0 | M28: 0.0043 | N28: 74.9915 | O28: RJS-GV5-cassiterite | Q28: =10000*I28 -> 2347 | R28: =I28/K28 -> 0.0031456909 | S28: =10000*(I28-(K28*Standards!I$15)) -> 696.25375 | T28: Geevor
A29: 149 | B29: 0 | C29: 0 | D29: 0 | E29: 0 | F29: 0 | G29: 0 | H29: 0.1315 | I29: 0.2363 | J29: 0.0234 | K29: 73.88 | L29: 0 | M29: 0.0001 | N29: 74.2713 | O29: RJS-GV5-cassiterite | Q29: =10000*I29 -> 2363 | R29: =I29/K29 -> 0.0031984299 | S29: =10000*(I29-(K29*Standards!I$15)) -> 728.405 | T29: Geevor
A30: 118 | B30: 0 | C30: 0 | D30: 0 | E30: 0 | F30: 0 | G30: 0 | H30: 0.1004 | I30: 0.2526 | J30: 0 | K30: 74.63 | L30: 0 | M30: 0 | N30: 74.983 | O30: RJS-GV5-cassiterite | Q30: =10000*I30 -> 2526 | R30: =I30/K30 -> 0.0033846978 | S30: =10000*(I30-(K30*Standards!I$15)) -> 874.81125 | T30: Geevor
A31: 133 | B31: 0 | C31: 0 | D31: 0.0023 | E31: 0 | F31: 0 | G31: 0 | H31: 0.0862 | I31: 0.2425 | J31: 0.0261 | K31: 74.73 | L31: 0 | M31: 0 | N31: 75.0872 | O31: RJS-GV5-cassiterite | Q31: =10000*I31 -> 2425 | R31: =I31/K31 -> 0.0032450154 | S31: =10000*(I31-(K31*Standards!I$15)) -> 771.59875 | T31: Geevor
... A36: 192 | B36: 0 | C36: 0 | D36: 0.0236 | E36: 0 | F36: 0 | G36: 0 | H36: 0.1101 | I36: 0.1989 | J36: 0.1562 | K36: 71.49 | L36: 0 | M36: 0 | N36: 71.9789 | O36: RJS-GV12 cassiterite | Q36: =10000*I36 -> 1989 | R36: =I36/K36 -> 0.0027822073 | S36: =10000*(I36-(K36*Standards!I$15)) -> 407.28375 | T36: Geevor
A37: 33 | B37: 0 | C37: 0 | D37: 0.007 | E37: 0 | F37: 0 | G37: 0 | H37: 0.0232 | I37: 0.2212 | J37: 0 | K37: 75.55 | L37: 0 | M37: 0 | N37: =SUM(B37:M37) -> 75.8014 | O37: RED-03-Cassiterite | Q37: =10000*I37 -> 2212 | R37: =I37/K37 -> 0.0029278623 | S37: =10000*(I37-(K37*Standards!I$15)) -> 540.45625 | T37: Redmoor | U37: =COUNT(S14:S16,S37,S85:S86) -> 6 | V37: =MAX(H14:H16,H37,H85:H86) -> 0.2572 | W37: =AVERAGE(H14:H16,H37,H85:H86) -> 0.088283333 | X37: =MAX(S14:S16,S37,S85:S86) -> 758.4125 | Y37: =AVERAGE(S14:S16,S37,S85:S86) -> 584.82458
A38: 72 | B38: 0 | C38: 0 | D38: 0.001 | E38: 0 | F38: 0 | G38: 0 | H38: 0.0967 | I38: 0.1758 | J38: 0 | K38: 72.43 | L38: 0.0042 | M38: 0 | N38: 72.7078 | O38: PSG-05 cassiterite (low-bse) | Q38: =10000*I38 -> 1758 | R38: =I38/K38 -> 0.0024271711 | S38: =10000*(I38-(K38*Standards!I$15)) -> 155.48625 | T38: Perran St George (skarn) | U38: =COUNT(S38:S41) -> 4 | V38: =MAX(H38:H41) -> 0.2897 | W38: =AVERAGE(H38:H41) -> 0.1289 | X38: =MAX(S38:S41) -> 235.27375 | Y38: =AVERAGE(S38:S41) -> 186.48187
A39: 73 | B39: 0 | C39: 0 | D39: 0.0016 | E39: 0 | F39: 0 | G39: 0 | H39: 0.0425 | I39: 0.184 | J39: 0.0009 | K39: 72.53 | L39: 0 | M39: 0 | N39: 72.759 | O39: PSG-05 cassiterite (low-bse) | Q39: =10000*I39 -> 1840 | R39: =I39/K39 -> 0.0025368813 | S39: =10000*(I39-(K39*Standards!I$15)) -> 235.27375 | T39: Perran St George (skarn)
A40: 74 | B40: 0 | C40: 0 | D40: 0.0024 | E40: 0 | F40: 0 | G40: 0 | H40: 0.0867 | I40: 0.1733 | J40: 0 | K40: 71.74 | L40: 0 | M40: 0.0109 | N40: 72.0134 | O40: PSG-05 cassiterite (high-bse) | Q40: =10000*I40 -> 1733 | R40: =I40/K40 -> 0.0024156677 | S40: =10000*(I40-(K40*Standards!I$15)) -> 145.7525 | T40: Perran St George (skarn)
A41: 75 | B41: 0 | C41: 0 | D41: 0.0006 | E41: 0 | F41: 0 | G41: 0 | H41: 0.2897 | I41: 0.1821 | J41: 0 | K41: 72.84 | L41: 0 | M41: 0 | N41: 73.3124 | O41: PSG-05 cassiterite (high-bse) | Q41: =10000*I41 -> 1821 | R41: =I41/K41 -> 0.0025 | S41: =10000*(I41-(K41*Standards!I$15)) -> 209.415 | T41: Perran St George (skarn)
A42: 54 | B42: 0 | C42: 0 | D42: 0.0333 | E42: 0 | F42: 0 | G42: 0 | H42: 0.5224 | I42: 0.2117 | J42: 0.0007 | K42: 75.91 | L42: 0.4142 | M42: 0.001 | N42: 77.0934 | O42: LOC5-cassiterite | Q42: =10000*I42 -> 2117 | R42: =I42/K42 -> 0.0027888289 | S42: =10000*(I42-(K42*Standards!I$15)) -> 437.49125 | T42: Creegbrawse | U42: =COUNT(S42:S45) -> 4 | V42: =MAX(H42:H45) -> 0.5224 | W42: =AVERAGE(H42:H45) -> 0.1591 | X42: =MAX(S42:S45) -> 461.31375 | Y42: =AVERAGE(S42:S45) -> 442.79437
A43: 56 | B43: 0 | C43: 0 | D43: 0.001 | E43: 0 | F43: 0 | G43: 0 | H43: 0.0519 | I43: 0.2151 | J43: 0.0074 | K43: 76.37 | L43: 0.4135 | M43: 0 | N43: 77.059 | O43: LOC5-cassiterite | Q43: =10000*I43 -> 2151 | R43: =I43/K43 -> 0.002816551 | S43: =10000*(I43-(K43*Standards!I$15)) -> 461.31375 | T43: Creegbrawse
A44: 58 | B44: 0 | C44: 0 | D44: 0.0026 | E44: 0 | F44: 0 | G44: 0 | H44: 0.0326 | I44: 0.2114 | J44: 0.0016 | K44: 74.79 | L44: 0.0387 | M44: 0 | N44: 75.077 | O44: LOC5-cassiterite | Q44: =10000*I44 -> 2114 | R44: =I44/K44 -> 0.0028265811 | S44: =10000*(I44-(K44*Standards!I$15)) -> 459.27125 | T44: Creegbrawse
A45: 55 | B45: 0 | C45: 0 | D45: 0.0043 | E45: 0 | F45: 0 | G45: 0 | H45: 0.0295 | I45: 0.2105 | J45: 0.0004 | K45: 76.47 | L45: 0.2778 | M45: 0 | N45: 76.9926 | O45: LOC5-cassiterite | Q45: =10000*I45 -> 2105 | R45: =I45/K45 -> 0.0027527135 | S45: =10000*(I45-(K45*Standards!I$15)) -> 413.10125 | T45: Creegbrawse
A46: 36 | B46: 0 | C46: 0 | D46: 0.001 | E46: 0 | F46: 0 | G46: 0 | H46: 0.1549 | I46: 0.194 | J46: 0.0464 | K46: 74.39 | L46: 0 | M46: 0 | N46: 74.7864 | O46: HD-01 stannite | Q46: =10000*I46 -> 1940 | R46: =I46/K46 -> 0.0026078774 | S46: =10000*(I46-(K46*Standards!I$15)) -> 294.12125 | T46: Hingston Down | U46: =COUNT(S46) -> 1 | V46: =MAX(H46) -> 0.1549 | W46: =AVERAGE(H46) -> 0.1549 | X46: =MAX(S46) -> 294.12125 | Y46: =AVERAGE(S46) -> 294.12125
A47: 65 | B47: 0 | C47: 0 | D47: 0.0003 | E47: 0 | F47: 0 | G47: 0 | H47: 0.6439 | I47: 0.1703 | J47: 0 | K47: 72.13 | L47: 0 | M47: 0 | N47: 72.9445 | O47: GM-03 cassiterite | Q47: =10000*I47 -> 1703 | R47: =I47/K47 -> 0.0023610148 | S47: =10000*(I47-(K47*Standards!I$15)) -> 107.12375 | T47: Gonamena | U47: =COUNT(S47:S48) -> 2 | V47: =MAX(H47:H48) -> 0.6439 | W47: =AVERAGE(H47:H48) -> 0.5099 | X47: =MAX(S47:S48) -> 134.93875 | Y47: =AVERAGE(S47:S48) -> 121.03125
A48: 33 | B48: 0 | C48: 0 | D48: 0.0013 | E48: 0 | F48: 0 | G48: 0 | H48: 0.3759 | I48: 0.1714 | J48: 0.0035 | K48: 71.37 | L48: 0 | M48: 0 | N48: 71.9222 | O48: GM-02 cassiterite | Q48: =10000*I48 -> 1714 | R48: =I48/K48 -> 0.0024015693 | S48: =10000*(I48-(K48*Standards!I$15)) -> 134.93875 | T48: Gonamena
A49: 47 | B49: 0 | C49: 0 | D49: 0 | E49: 0 | F49: 0 | G49: 0 | H49: 0.3956 | I49: 0.2265 | J49: 0 | K49: 74.99 | L49: 0 | M49: 0 | N49: 75.6122 | O49: DGC-03 cassiterite | Q49: =10000*I49 -> 2265 | R49: =I49/K49 -> 0.0030204027 | S49: =10000*(I49-(K49*Standards!I$15)) -> 605.84625 | T49: Devon Great Consols | U49: =COUNT(S49:S51) -> 3 | V49: =MAX(H49:H51) -> 0.3956 | W49: =AVERAGE(H49:H51) -> 0.24113333 | X49: =MAX(S49:S51) -> 630.245 | Y49: =AVERAGE(S49:S51) -> 606.62542
A50: 55 | B50: 0 | C50: 0 | D50: 0 | E50: 0 | F50: 0 | G50: 0 | H50: 0.0909 | I50: 0.2279 | J50: 0 | K50: 74.52 | L50: 0.0029 | M50: 0 | N50: 74.8418 | O50: DGC-03 cassiterite | Q50: =10000*I50 -> 2279 | R50: =I50/K50 -> 0.0030582394 | S50: =10000*(I50-(K50*Standards!I$15)) -> 630.245 | T50: Devon Great Consols
A51: 48 | B51: 0 | C51: 0 | D51: 0.0022 | E51: 0 | F51: 0 | G51: 0 | H51: 0.2369 | I51: 0.2229 | J51: 0 | K51: 74.36 | L51: 0 | M51: 0 | N51: 74.8221 | O51: DGC-03 cassiterite | Q51: =10000*I51 -> 2229 | R51: =I51/K51 -> 0.0029975793 | S51: =10000*(I51-(K51*Standards!I$15)) -> 583.785 | T51: Devon Great Consols
A52: 75 | B52: 0 | C52: 0 | D52: 0.0053 | E52: 0 | F52: 0 | G52: 0 | H52: 0.7631 | I52: 0.2131 | J52: 0.1978 | K52: 73.4 | L52: 0 | M52: 0 | N52: 74.5794 | O52: DC-02 cassiterite | Q52: =10000*I52 -> 2131 | R52: =I52/K52 -> 0.0029032698 | S52: =10000*(I52-(K52*Standards!I$15)) -> 507.025 | T52: Devon Great Consols
A53: 76 | B53: 0 | C53: 0 | D53: 0.0063 | E53: 0 | F53: 0 | G53: 0 | H53: 0.6562 | I53: 0.2224 | J53: 0.2067 | K53: 73.45 | L53: 0 | M53: 0 | N53: 74.5416 | O53: DC-02 cassiterite | Q53: =10000*I53 -> 2224 | R53: =I53/K53 -> 0.0030279101 | S53: =10000*(I53-(K53*Standards!I$15)) -> 598.91875 | T53: Devon Great Consols
A54: 25 | B54: 0 | C54: 0 | D54: 0.0023 | E54: 0 | F54: 0 | G54: 0 | H54: 0.566 | I54: 0.2352 | J54: 0.006 | K54: 74.8 | L54: 0 | M54: 0.0111 | N54: 75.6207 | O54: DA-02 cassiterite | Q54: =10000*I54 -> 2352 | R54: =I54/K54 -> 0.003144385 | S54: =10000*(I54-(K54*Standards!I$15)) -> 697.05 | T54: South Caradon | U54: =COUNT(S54) -> 1 | V54: =MAX(H54) -> 0.566 | W54: =AVERAGE(H54) -> 0.566 | X54: =MAX(S54) -> 697.05 | Y54: =AVERAGE(S54) -> 697.05
A55: 51 | B55: 0 | C55: 0 | D55: 0.0031 | E55: 0 | F55: 0 | G55: 0 | H55: 1.33 | I55: 0.1908 | J55: 0.2187 | K55: 71.72 | L55: 0.0049 | M55: 0 | N55: 73.4676 | O55: Crofty 19b cassiterite | Q55: =10000*I55 -> 1908 | R55: =I55/K55 -> 0.0026603458 | S55: =10000*(I55-(K55*Standards!I$15)) -> 321.195 | T55: Dolcoath
A56: 89 | B56: 0 | C56: 0 | D56: 0.0635 | E56: 0 | F56: 0 | G56: 0 | H56: 0.3171 | I56: 0.1722 | J56: 0.2336 | K56: 72.99 | L56: 0.0504 | M56: 0 | N56: 73.8269 | O56: Crofty 15 cassiterite | Q56: =10000*I56 -> 1722 | R56: =I56/K56 -> 0.0023592273 | S56: =10000*(I56-(K56*Standards!I$15)) -> 107.09625 | T56: Dolcoath
A57: 73 | B57: 0 | C57: 0 | D57: 0.0056 | E57: 0 | F57: 0 | G57: 0 | H57: 0.247 | I57: 0.242 | J57: 0.0355 | K57: 75.81 | L57: 0.0038 | M57: 0 | N57: 76.3439 | O57: Crofty 14 cassiterite | Q57: =10000*I57 -> 2420 | R57: =I57/K57 -> 0.003192191 | S57: =10000*(I57-(K57*Standards!I$15)) -> 742.70375 | T57: Dolcoath
A58: 74 | B58: 0 | C58: 0 | D58: 0.0059 | E58: 0 | F58: 0 | G58: 0 | H58: 0.1234 | I58: 0.2437 | J58: 0.2215 | K58: 76.98 | L58: 0 | M58: 0.0052 | N58: 77.5798 | O58: Crofty 14 cassiterite | Q58: =10000*I58 -> 2437 | R58: =I58/K58 -> 0.0031657573 | S58: =10000*(I58-(K58*Standards!I$15)) -> 733.8175 | T58: Dolcoath
A59: 62 | B59: 0 | C59: 0 | D59: 0.0068 | E59: 0 | F59: 0 | G59: 0 | H59: 0.1046 | I59: 0.2317 | J59: 0.2023 | K59: 76.67 | L59: 0 | M59: 0 | N59: 77.2155 | O59: Crofty 14 cassiterite | Q59: =10000*I59 -> 2317 | R59: =I59/K59 -> 0.0030220425 | S59: =10000*(I59-(K59*Standards!I$15)) -> 620.67625 | T59: Dolcoath
A60: 91 | B60: 0 | C60: 0 | D60: 0.0175 | E60: 0 | F60: 0 | G60: 0 | H60: 0.0576 | I60: 0.2332 | J60: 0 | K60: 75.76 | L60: 0.0279 | M60: 0 | N60: 76.0963 | O60: Crofty 14 cassiterite | Q60: =10000*I60 -> 2332 | R60: =I60/K60 -> 0.0030781415 | S60: =10000*(I60-(K60*Standards!I$15)) -> 655.81 | T60: Dolcoath
A61: 90 | B61: 0 | C61: 0 | D61: 0.0023 | E61: 0 | F61: 0 | G61: 0 | H61: 0.0245 | I61: 0.223 | J61: 0 | K61: 74.54 | L61: 0.0248 | M61: 0 | N61: 74.8147 | O61: Crofty 14 cassiterite | Q61: =10000*I61 -> 2230 | R61: =I61/K61 -> 0.0029916823 | S61: =10000*(I61-(K61*Standards!I$15)) -> 580.8025 | T61: Dolcoath
A62: 15 | B62: 0 | C62: 0 | D62: 0 | E62: 0 | F62: 0 | G62: 0 | H62: 0.1769 | I62: 0.1947 | J62: 0 | K62: 73.96 | L62: 0.0029 | M62: 0 | N62: 74.3345 | O62: Crofty 13 cassiterite | Q62: =10000*I62 -> 1947 | R62: =I62/K62 -> 0.0026325041 | S62: =10000*(I62-(K62*Standards!I$15)) -> 310.635 | T62: Dolcoath
A63: 13 | B63: 0 | C63: 0 | D63: 0.0006 | E63: 0 | F63: 0 | G63: 0 | H63: 0.1077 | I63: 0.1926 | J63: 0.0213 | K63: 75.37 | L63: 0.4785 | M63: 0.0326 | N63: 76.2034 | O63: Crofty 13 cassiterite | Q63: =10000*I63 -> 1926 | R63: =I63/K63 -> 0.0025553934 | S63: =10000*(I63-(K63*Standards!I$15)) -> 258.43875 | T63: Dolcoath
A64: 40 | B64: 0 | C64: 0 | D64: 0.0002 | E64: 0 | F64: 0 | G64: 0 | H64: 0.0944 | I64: 0.2 | J64: 0.005 | K64: 73.37 | L64: 0 | M64: 0.0046 | N64: 73.6743 | O64: Crofty 13 cassiterite | Q64: =10000*I64 -> 2000 | R64: =I64/K64 -> 0.0027259098 | S64: =10000*(I64-(K64*Standards!I$15)) -> 376.68875 | T64: Dolcoath
A65: 41 | B65: 0 | C65: 0 | D65: 0 | E65: 0 | F65: 0 | G65: 0 | H65: 0.084 | I65: 0.193 | J65: 0 | K65: 73.19 | L65: 0.0256 | M65: 0 | N65: 73.4927 | O65: Crofty 13 cassiterite | Q65: =10000*I65 -> 1930 | R65: =I65/K65 -> 0.0026369723 | S65: =10000*(I65-(K65*Standards!I$15)) -> 310.67125 | T65: Dolcoath
A66: 14 | B66: 0 | C66: 0 | D66: 0.0003 | E66: 0 | F66: 0 | G66: 0 | H66: 0.0691 | I66: 0.1916 | J66: 0.0049 | K66: 74.51 | L66: 0.0543 | M66: 0 | N66: 74.8303 | O66: Crofty 13 cassiterite | Q66: =10000*I66 -> 1916 | R66: =I66/K66 -> 0.0025714669 | S66: =10000*(I66-(K66*Standards!I$15)) -> 267.46625 | T66: Dolcoath
A67: 108 | B67: 0 | C67: 0 | D67: 0.0047 | E67: 0 | F67: 0 | G67: 0 | H67: 0.1659 | I67: 0.1785 | J67: 0.0044 | K67: 72.82 | L67: 0.0086 | M67: 0 | N67: 73.1822 | O67: Crofty 11 cassiterite | Q67: =10000*I67 -> 1785 | R67: =I67/K67 -> 0.0024512497 | S67: =10000*(I67-(K67*Standards!I$15)) -> 173.8575 | T67: Dolcoath
A68: 80 | B68: 0 | C68: 0 | D68: 0.0212 | E68: 0 | F68: 0 | G68: 0 | H68: 0.4978 | I68: 0.1853 | J68: 0.6785 | K68: 74.4 | L68: 0.001 | M68: 0.0078 | N68: 75.7916 | O68: CN-07 cass | Q68: =10000*I68 -> 1853 | R68: =I68/K68 -> 0.0024905914 | S68: =10000*(I68-(K68*Standards!I$15)) -> 206.9 | T68: East Caradon | U68: =COUNT(S68:S70) -> 3 | V68: =MAX(H68:H70) -> 0.8767 | W68: =AVERAGE(H68:H70) -> 0.60426667 | X68: =MAX(S68:S70) -> 744.3775 | Y68: =AVERAGE(S68:S70) -> 371.81125
A69: 96 | B69: 0 | C69: 0 | D69: 0.007 | E69: 0 | F69: 0 | G69: 0 | H69: 0.4383 | I69: 0.1818 | J69: 0.9832 | K69: 74.75 | L69: 0.2059 | M69: 0.0007 | N69: 76.567 | O69: CN-03 cass | Q69: =10000*I69 -> 1818 | R69: =I69/K69 -> 0.002432107 | S69: =10000*(I69-(K69*Standards!I$15)) -> 164.15625 | T69: East Caradon
A70: 81 | B70: 0 | C70: 0 | D70: 0 | E70: 0 | F70: 0 | G70: 0 | H70: 0.8767 | I70: 0.2398 | J70: 0 | K70: 74.74 | L70: 0.017 | M70: 0 | N70: 75.8736 | O70: CN-02 cassiterite | Q70: =10000*I70 -> 2398 | R70: =I70/K70 -> 0.003208456 | S70: =10000*(I70-(K70*Standards!I$15)) -> 744.3775 | T70: East Caradon
A71: 79 | B71: 0 | C71: 0 | D71: 0.0022 | E71: 0 | F71: 0 | G71: 0 | H71: 0.0071 | I71: 0.1992 | J71: 0 | K71: 72.89 | L71: 0 | M71: 0 | N71: 73.0986 | O71: CL-10 cassiterite | Q71: =10000*I71 -> 1992 | R71: =I71/K71 -> 0.0027328852 | S71: =10000*(I71-(K71*Standards!I$15)) -> 379.30875 | T71: Cligga Head | U71: =COUNT(S71:S76) -> 6 | V71: =MAX(H71:H76) -> 0.3032 | W71: =AVERAGE(H71:H76) -> 0.14641667 | X71: =MAX(S71:S76) -> 426.2 | Y71: =AVERAGE(S71:S76) -> 353.73937
A72: 38 | B72: 0 | C72: 0 | D72: 0.002 | E72: 0 | F72: 0 | G72: 0 | H72: 0.3032 | I72: 0.2027 | J72: 0.0024 | K72: 75.21 | L72: 0 | M72: 0 | N72: 75.7204 | O72: CL-07 cassiterite | Q72: =10000*I72 -> 2027 | R72: =I72/K72 -> 0.0026951203 | S72: =10000*(I72-(K72*Standards!I$15)) -> 362.97875 | T72: Cligga Head
A73: 37 | B73: 0 | C73: 0 | D73: 0.0035 | E73: 0 | F73: 0 | G73: 0 | H73: 0.2391 | I73: 0.209 | J73: 0 | K73: 75.2 | L73: 0 | M73: 0 | N73: 75.6516 | O73: CL-07 cassiterite | Q73: =10000*I73 -> 2090 | R73: =I73/K73 -> 0.0027792553 | S73: =10000*(I73-(K73*Standards!I$15)) -> 426.2 | T73: Cligga Head
A74: 36 | B74: 0 | C74: 0 | D74: 0.0007 | E74: 0 | F74: 0 | G74: 0 | H74: 0.2252 | I74: 0.203 | J74: 0.0086 | K74: 75 | L74: 0 | M74: 0 | N74: 75.4376 | O74: CL-07 cassiterite | Q74: =10000*I74 -> 2030 | R74: =I74/K74 -> 0.0027066667 | S74: =10000*(I74-(K74*Standards!I$15)) -> 370.625 | T74: Cligga Head
A75: 50 | B75: 0 | C75: 0 | D75: 0.0023 | E75: 0 | F75: 0 | G75: 0 | H75: 0.088 | I75: 0.1845 | J75: 0.0004 | K75: 73.72 | L75: 0 | M75: 0 | N75: 73.9953 | O75: CL-07 cassiterite | Q75: =10000*I75 -> 1845 | R75: =I75/K75 -> 0.002502713 | S75: =10000*(I75-(K75*Standards!I$15)) -> 213.945 | T75: Cligga Head
A76: 35 | B76: 0 | C76: 0 | D76: 0.0005 | E76: 0 | F76: 0 | G76: 0 | H76: 0.0159 | I76: 0.1998 | J76: 0 | K76: 73.61 | L76: 0 | M76: 0.0027 | N76: 73.829 | O76: CL-07 cassiterite | Q76: =10000*I76 -> 1998 | R76: =I76/K76 -> 0.0027143051 | S76: =10000*(I76-(K76*Standards!I$15)) -> 369.37875 | T76: Cligga Head
A77: 61 | B77: 0 | C77: 0 | D77: 0.0014 | E77: 0 | F77: 0 | G77: 0 | H77: 0.3634 | I77: 0.2135 | J77: 0 | K77: 75.8 | L77: 0.0003 | M77: 0 | N77: 76.3787 | O77: BH-01 sphalerite | Q77: =10000*I77 -> 2135 | R77: =I77/K77 -> 0.0028166227 | S77: =10000*(I77-(K77*Standards!I$15)) -> 457.925 | T77: Blue Hills | U77: =COUNT(S77:S83) -> 7 | V77: =MAX(H77:H83) -> 0.8063 | W77: =AVERAGE(H77:H83) -> 0.43062857 | X77: =MAX(S77:S83) -> 495.9075 | Y77: =AVERAGE(S77:S83) -> 465.48429
A78: 57 | B78: 0 | C78: 0 | D78: 0 | E78: 0 | F78: 0 | G78: 0 | H78: 0.4781 | I78: 0.2166 | J78: 0 | K78: 75.64 | L78: 0 | M78: 0 | N78: 76.3348 | O78: BH-01 sphalerite | Q78: =10000*I78 -> 2166 | R78: =I78/K78 -> 0.0028635643 | S78: =10000*(I78-(K78*Standards!I$15)) -> 492.465 | T78: Blue Hills
A79: 58 | B79: 0 | C79: 0 | D79: 0.001 | E79: 0 | F79: 0 | G79: 0 | H79: 0.5698 | I79: 0.2169 | J79: 0 | K79: 75.62 | L79: 0 | M79: 0.0018 | N79: 76.4096 | O79: BH-01 sphalerite | Q79: =10000*I79 -> 2169 | R79: =I79/K79 -> 0.0028682888 | S79: =10000*(I79-(K79*Standards!I$15)) -> 495.9075 | T79: Blue Hills
A80: 59 | B80: 0 | C80: 0 | D80: 0 | E80: 0 | F80: 0 | G80: 0 | H80: 0.3002 | I80: 0.2147 | J80: 0.0054 | K80: 75.56 | L80: 0.0274 | M80: 0 | N80: 76.1077 | O80: BH-01 sphalerite | Q80: =10000*I80 -> 2147 | R80: =I80/K80 -> 0.0028414505 | S80: =10000*(I80-(K80*Standards!I$15)) -> 475.235 | T80: Blue Hills
A81: 55 | B81: 0 | C81: 0 | D81: 0 | E81: 0 | F81: 0 | G81: 0 | H81: 0.4891 | I81: 0.2098 | J81: 0 | K81: 75.4 | L81: 0.002 | M81: 0.0045 | N81: 76.1055 | O81: BH-01 sphalerite | Q81: =10000*I81 -> 2098 | R81: =I81/K81 -> 0.0027824934 | S81: =10000*(I81-(K81*Standards!I$15)) -> 429.775 | T81: Blue Hills
A82: 56 | B82: 0 | C82: 0 | D82: 0.0037 | E82: 0 | F82: 0 | G82: 0 | H82: 0.8063 | I82: 0.2127 | J82: 0 | K82: 75.34 | L82: 0 | M82: 0 | N82: 76.3627 | O82: BH-01 sphalerite | Q82: =10000*I82 -> 2127 | R82: =I82/K82 -> 0.0028232015 | S82: =10000*(I82-(K82*Standards!I$15)) -> 460.1025 | T82: Blue Hills
A83: 60 | B83: 0 | C83: 0 | D83: 0.0013 | E83: 0 | F83: 0 | G83: 0 | H83: 0.0075 | I83: 0.2086 | J83: 0 | K83: 74.08 | L83: 0 | M83: 0 | N83: 74.2975 | O83: BH-01 sphalerite | Q83: =10000*I83 -> 2086 | R83: =I83/K83 -> 0.0028158747 | S83: =10000*(I83-(K83*Standards!I$15)) -> 446.98 | T83: Blue Hills
A84: 26 | B84: 0 | C84: 0 | D84: 0.0133 | E84: 0 | F84: 0 | G84: 0 | H84: 0.9912 | I84: 0.2627 | J84: 0 | K84: 74.91 | L84: 0 | M84: 0.0044 | N84: 76.1817 | O84: 3JD4-cassiterite | Q84: =10000*I84 -> 2627 | R84: =I84/K84 -> 0.0035068749 | S84: =10000*(I84-(K84*Standards!I$15)) -> 969.61625 | T84: Wheal Fortune | U84: =COUNT(S84) -> 1 | V84: =MAX(H84) -> 0.9912 | W84: =AVERAGE(H84) -> 0.9912 | X84: =MAX(S84) -> 969.61625 | Y84: =AVERAGE(S84) -> 969.61625
A85: 126 | B85: 0 | C85: 0 | D85: 0.0024 | E85: 0 | F85: 0 | G85: 0 | H85: 0.1314 | I85: 0.2224 | J85: 0 | K85: 75.57 | L85: 0 | M85: 0 | N85: 75.9263 | O85: 206-208. | Q85: =10000*I85 -> 2224 | R85: =I85/K85 -> 0.0029429668 | S85: =10000*(I85-(K85*Standards!I$15)) -> 552.01375 | T85: Redmoor
A86: 125 | B86: 0 | C86: 0 | D86: 0.0004 | E86: 0 | F86: 0 | G86: 0 | H86: 0.034 | I86: 0.2249 | J86: 0.0042 | K86: 74.71 | L86: 0 | M86: 0 | N86: 74.9735 | O86: 206-208. | Q86: =10000*I86 -> 2249 | R86: =I86/K86 -> 0.0030103065 | S86: =10000*(I86-(K86*Standards!I$15)) -> 596.04125 | T86: Redmoor
A87: 50 | B87: 0 | C87: 0 | D87: 0.0138 | E87: 0 | F87: 0 | G87: 0 | H87: 0.921 | I87: 0.1654 | J87: 0 | K87: 75.3 | L87: 0.2061 | M87: 0.0002 | N87: 76.6066 | O87: 112 cassiterite | Q87: =10000*I87 -> 1654 | R87: =I87/K87 -> 0.0021965471 | S87: =10000*(I87-(K87*Standards!I$15)) -> -12.0125 | T87: Tavy Consols | U87: =COUNT(S87:S88) -> 2 | V87: =MAX(H87:H88) -> 0.921 | W87: =AVERAGE(H87:H88) -> 0.57235 | X87: =MAX(S87:S88) -> 18.8725 | Y87: =AVERAGE(S87:S88) -> 3.43
A88: 59 | B88: 0 | C88: 0 | D88: 0.0145 | E88: 0 | F88: 0 | G88: 0 | H88: 0.2237 | I88: 0.1684 | J88: 0 | K88: 75.26 | L88: 0.0834 | M88: 0 | N88: 75.7501 | O88: 112 cassiterite | Q88: =10000*I88 -> 1684 | R88: =I88/K88 -> 0.0022375764 | S88: =10000*(I88-(K88*Standards!I$15)) -> 18.8725 | T88: Tavy Consols
Q89: =10000*I89 -> 0

Sheet Galena
A1: No. | B1: As | C1: Ga | D1: S | E1: Ag | F1: Sb | G1: Cd | H1: Fe | I1: In | J1: Cu | K1: Sn | L1: Zn | M1: Pb | N1: Total | O1: Sample | P1: Location
A2: 169 | B2: 0 | C2: 0 | D2: 13.38 | E2: 0 | F2: 0.0046 | G2: 0.0486 | H2: 0.0445 | I2: 0 | J2: 0.0117 | K2: 0 | L2: 0.0596 | M2: 86.35 | N2: 99.8991 | O2: NJD4-galena | P2: Nangiles
A3: 71 | B3: 0 | C3: 0 | D3: 14.02 | E3: 2.99 | F3: 0 | G3: 0.0078 | H3: 0.0405 | I3: 0 | J3: 0.0026 | K3: 0 | L3: 0.8815 | M3: 78.99 | N3: 96.9324 | O3: NJD2-galena | P3: Nangiles
A4: 152 | B4: 0 | C4: 0 | D4: 13.5 | E4: 0 | F4: 0.0017 | G4: 0.0527 | H4: 0.0109 | I4: 0 | J4: 0.003 | K4: 0 | L4: 0.0139 | M4: 86 | N4: 99.5823 | O4: NJD4-galena | P4: Nangiles
A5: 122 | B5: 0 | C5: 0 | D5: 13.58 | E5: 0 | F5: 0.0037 | G5: 0.0544 | H5: 0.0069 | I5: 0 | J5: 0 | K5: 0 | L5: 0 | M5: 86.3 | N5: 99.9451 | O5: NJD4-galena | P5: Nangiles
A6: 153 | B6: 0 | C6: 0 | D6: 13.6 | E6: 0 | F6: 0.0074 | G6: 0.0457 | H6: 0.0052 | I6: 0 | J6: 0.0124 | K6: 0 | L6: 0.0146 | M6: 86.07 | N6: 99.7554 | O6: NJD4-galena | P6: Nangiles
A7: 168 | B7: 0 | C7: 0 | D7: 13.82 | E7: 0 | F7: 0 | G7: 0.0444 | H7: 0.002 | I7: 0 | J7: 0 | K7: 0 | L7: 0 | M7: 85.67 | N7: 99.5365 | O7: NJD4-galena | P7: Nangiles
A8: 77 | B8: 0 | C8: 0 | D8: 13.56 | E8: 0.7579 | F8: 0 | G8: 0.0357 | H8: 0.0324 | I8: 0 | J8: 0.0218 | K8: 0 | L8: 0 | M8: 80.28 | N8: 94.6879 | O8: LOC5-galena | P8: Creegbrawse
A9: 103 | B9: 0 | C9: 0 | D9: 13.66 | E9: 0.0407 | F9: 0.2041 | G9: 0.0469 | H9: 0.009 | I9: 0 | J9: 0.0154 | K9: 0 | L9: 0 | M9: 84.18 | N9: 98.1562 | O9: RJS WP-2-galena | P9: Wheal Penrose
A10: 107 | B10: 0 | C10: 0 | D10: 13.57 | E10: 0.2645 | F10: 0 | G10: 0.0332 | H10: 0.0068 | I10: 0 | J10: 0 | K10: 0 | L10: 0 | M10: 83.09 | N10: 96.9645 | O10: RJS WP-2-galena? | P10: Wheal Penrose
A11: 78 | B11: 0 | C11: 0 | D11: 13.58 | E11: 0.7652 | F11: 0 | G11: 0.0203 | H11: 0 | I11: 0 | J11: 0.0269 | K11: 0 | L11: 0.0236 | M11: 79.95 | N11: 94.3661 | O11: LOC5-galena | P11: Creegbrawse
A12: 88 | B12: 0 | C12: 0 | D12: 13.7 | E12: 0 | F12: 0 | G12: 0.0293 | H12: 0.1745 | I12: 0 | J12: 0.0241 | K12: 0 | L12: 0 | M12: 81.32 | N12: 95.248 | O12: RM82-21-274.6 galena | P12: Redmoor
A13: 124 | B13: 0 | C13: 0 | D13: 13.61 | E13: 0 | F13: 0 | G13: 0.0327 | H13: 0.15 | I13: 0 | J13: 0 | K13: 0 | L13: 0.0193 | M13: 82.37 | N13: 96.1821 | O13: RM82-21-274.6 galena | P13: Redmoor
... A42: 43 | B42: 0 | C42: 0 | D42: 13.86 | E42: 0 | F42: 0.536 | G42: 0.0899 | H42: 0.0322 | I42: 0 | J42: 0.7726 | K42: 0 | L42: 1.21 | M42: 83.38 | N42: 99.8808 | O42: WE 01A sphalerite? | P42: Wheal Exmouth

Sheet Others
A1: No. | B1: As | C1: Ga | D1: S | E1: Ag | F1: Sb | G1: Cd | H1: Fe | I1: In | J1: Cu | K1: Sn | L1: Zn | M1: Pb | N1: Total | O1: Sample | P1: Location
A2: 45 | B2: 39.33 | C2: 0 | D2: 0.005 | E2: 0 | F2: 0 | G2: 0 | H2: 25.45 | I2: 0.0001 | J2: 0.3454 | K2: 0 | L2: 0.0155 | M2: 0.0223 | N2: 65.1684 | O2: CL-07 FeAs-O? | P2: Cligga Head
A3: 46 | B3: 39.57 | C3: 0.0099 | D3: 0.002 | E3: 0 | F3: 0.0302 | G3: 0.0006 | H3: 23.62 | I3: 0.0024 | J3: 0.1538 | K3: 0 | L3: 0.0231 | M3: 0.0185 | N3: 63.4305 | O3: CL-07 FeAs-O? | P3: Cligga Head
A4: 47 | B4: 39.85 | C4: 0.0325 | D4: 0.0059 | E4: 0 | F4: 0 | G4: 0 | H4: 23.47 | I4: 0 | J4: 0.1731 | K4: 0 | L4: 0.0021 | M4: 0.0264 | N4: 63.5601 | O4: CL-07 FeAs-O? | P4: Cligga Head
A5: 31 | B5: 0.1938 | C5: 0 | D5: 15.56 | E5: 69.52 | F5: 10.76 | G5: 0 | H5: 0.0097 | I5: 0 | J5: 0.1626 | K5: 0 | L5: 0.0206 | M5: 0.0504 | N5: 96.2771 | O5: 227 acanthite | P5: Buttspill
A6: 32 | B6: 0.2277 | C6: 0 | D6: 16.14 | E6: 67.87 | F6: 14.57 | G6: 0 | H6: 0.0232 | I6: 0 | J6: 0.1574 | K6: 0 | L6: 0.0202 | M6: 0.0669 | N6: 99.0755 | O6: 227 acanthite | P6: Buttspill
A7: 33 | B7: 0.2405 | C7: 0 | D7: 15.94 | E7: 68.76 | F7: 12.61 | G7: 0 | H7: 0.0257 | I7: 0 | J7: 0.1432 | K7: 0 | L7: 0 | M7: 0.0383 | N7: 97.7578 | O7: 227 acanthite | P7: Buttspill
A8: 34 | B8: 0.8952 | C8: 0 | D8: 16.01 | E8: 67.52 | F8: 13.36 | G8: 0 | H8: 0.3197 | I8: 0 | J8: 0.1813 | K8: 0 | L8: 0 | M8: 0.0545 | N8: 98.3408 | O8: 227 acanthite | P8: Buttspill
A9: 35 | B9: 0.4307 | C9: 0 | D9: 16.32 | E9: 68.37 | F9: 14.7 | G9: 0 | H9: 0.0059 | I9: 0 | J9: 0.0922 | K9: 0 | L9: 0.0312 | M9: 0.0573 | N9: 100.0072 | O9: 227 acanthite | P9: Buttspill
A10: 36 | B10: 0.2403 | C10: 0 | D10: 16.2 | E10: 67.57 | F10: 16.23 | G10: 0 | H10: 0.0369 | I10: 0 | J10: 0.1543 | K10: 0 | L10: 0.0273 | M10: 0.0755 | N10: 100.5342 | O10: 227 acanthite | P10: Buttspill
A11: 42 | B11: 1.95 | C11: 0 | D11: 23.63 | E11: 20.32 | F11: 24.37 | G11: 0 | H11: 1.57 | I11: 0 | J11: 23.87 | K11: 0 | L11: 5.64 | M11: 0.0834 | N11: 101.4333 | O11: 227 Ag-Sb-S? | P11: Buttspill
A12: 43 | B12: 1.09 | C12: 0 | D12: 23.39 | E12: 21.94 | F12: 24.58 | G12: 0 | H12: 3.76 | I12: 0 | J12: 22.59 | K12: 0 | L12: 3.04 | M12: 0.1293 | N12: 100.5193 | O12: 227 Ag-Sb-S? | P12: Buttspill
A13: 44 | B13: 2.16 | C13: 0 | D13: 22.87 | E13: 20.45 | F13: 22.94 | G13: 0 | H13: 1.46 | I13: 0 | J13: 22.86 | K13: 0 | L13: 5.97 | M13: 0.0755 | N13: 98.7856 | O13: 227 Ag-Sb-S? | P13: Buttspill
... A20: 51 | B20: 2.51 | C20: 0 | D20: 24.09 | E20: 15.89 | F20: 22.58 | G20: 0 | H20: 2.43 | I20: 0 | J20: 26.39 | K20: 0.6563 | L20: 4.93 | M20: 0.0589 | N20: 99.5353 | O20: 227 Ag-Sb-S? | P20: Buttspill

Sheet Standards
A1: No. | B1: As | C1: Ga | D1: S | E1: Ag | F1: Sb | G1: Cd | H1: Fe | I1: In | J1: Cu | K1: Sn | L1: Zn | M1: Pb | N1: Total | O1: Comment
A2: 1 | B2: 0 | C2: 0 | D2: 0.0029 | E2: 0 | F2: 0 | G2: 0 | H2: 0.0026 | I2: 0.324 | J2: 0.0329 | K2: 97.94 | L2: 0.0194 | M2: 0.018 | N2: 98.3399 | O2: Sn standard
A3: 2 | B3: 40.22 | C3: 2.91 | D3: 0.0027 | E3: 0 | F3: 0 | G3: 0.042 | H3: 0 | I3: 61.09 | J3: 0.0025 | K3: 0 | L3: 0.0437 | M3: 0 | N3: 104.3109 | O3: InAs std
A4: 2 | B4: 0 | C4: 0 | D4: 0.0046 | E4: 0 | F4: 0 | G4: 0 | H4: 0.0166 | I4: 0.3238 | J4: 0.0769 | K4: 98.66 | L4: 0.1204 | M4: 0.0189 | N4: 99.2213 | O4: Sn-std
A5: 3 | B5: 0 | C5: 0 | D5: 0.0015 | E5: 0 | F5: 0 | G5: 0 | H5: 0.0075 | I5: 0.295 | J5: 0.0637 | K5: 98.47 | L5: 0.0906 | M5: 0.0061 | N5: 98.9345 | O5: Sn-std
A6: 6 | B6: 0 | C6: 0 | D6: 0.0024 | E6: 0 | F6: 0 | G6: 0 | H6: 0.0049 | I6: 0.2737 | J6: 0.0159 | K6: 94.6 | L6: 0.0515 | M6: 0.0261 | N6: 94.9745 | O6: Sn-std
A7: 1 | B7: 0 | C7: 0 | D7: 0.0019 | E7: 0 | F7: 0 | G7: 0 | H7: 0.0016 | I7: 0.3195 | J7: 0.054 | K7: 98.6 | L7: 0.0442 | M7: 0 | N7: 99.0212 | O7: Sn-std
A8: 8 | B8: 0 | C8: 0 | D8: 0 | E8: 0 | F8: 0 | G8: 0 | H8: 0.0006 | I8: 0.2878 | J8: 0.0313 | K8: 97.64 | L8: 0.088 | M8: 0 | N8: 98.0478 | O8: Sn-std
A9: 4 | B9: 0 | C9: 0 | D9: 0.0133 | E9: 0 | F9: 0 | G9: 0 | H9: 0 | I9: 0.2866 | J9: 0.1029 | K9: 98.18 | L9: 0.1355 | M9: 0.0115 | N9: 98.7299 | O9: Sn-std
A10: 7 | B10: 0 | C10: 0 | D10: 0.0021 | E10: 0 | F10: 0 | G10: 0 | H10: 0 | I10: 0.2808 | J10: 0.0597 | K10: 97.96 | L10: 0.0668 | M10: 0.0248 | N10: 98.3943 | O10: Sn-std
A11: 10 | B11: 0 | C11: 0 | D11: 0.0044 | E11: 0 | F11: 0 | G11: 0 | H11: 0 | I11: 0.2885 | J11: 0.0388 | K11: 97.79 | L11: 0.0575 | M11: 0.0011 | N11: 98.1804 | O11: Sn-std
A12: 9 | B12: 0 | C12: 0 | D12: 0.0022 | E12: 0 | F12: 0 | G12: 0 | H12: 0 | I12: 0.2926 | J12: 0.0222 | K12: 97.95 | L12: 0.0394 | M12: 0 | N12: 98.3064 | O12: Sn-std
A13: 5 | B13: 0 | C13: 0 | D13: 0 | E13: 0 | F13: 0 | G13: 0 | H13: 0 | I13: 0.2976 | J13: 0.044 | K13: 98.36 | L13: 0.0289 | M13: 0.0155 | N13: 98.7461 | O13: Sn-std
H15: Interference correction | I15: =0.177/80 -> 0.0022125 | J15: by linear approximation to minimum indium in cassiterite and stannite

Sheet Table 2
A1: Location | B1: Name | C1: Latitude (ºN) | D1: Longitude (ºW) | E1: Type | F1: Samples | G1: Oxide and sulphide minerals | H1: Associated gangue | I1: Notes
A2: Pre-granite
A3: 1 | B3: Duchy Peru | C3: 50.357726 | D3: -5.102947 | E3: bv | F3: KH-02 | G3: 1: Cst 2: Py, Ccp, Sp, Hem, Gn 3: Cct | H3: 1: Qz, Bt, Chl, Ms, Ksp 2: Cc, Chl, Sd | I3: Breccia vein cross-cutting metapelite of the Porthtowan formation. Clasts of qz, slate, ksp in a hematite-siderite matrix 1: clast assemblage, 2: matrix, 3: alteration
A4: 2 | B4: Wilsey Down | C4: 50.671233 | D4: -4.577439 | E4: sts | F4: WD-01, WD-02 | G4: Py, Po, Ccp, Sp, Gn | H4: Cc, Qz, Chl, Bt | I4: Metapelite / metapsammite with folded stratiform sulphides in calcareous black shale
A5: 3 | B5: Egloskerry | C5: 50.641382 | D5: -4.43 | E5: sts | F5: SSK36005 to SSK36020 | G5: 1: Gn, Sp, Py, (Apy), Hem 2: Gn,Py 3: Sp | H5: Qz, Chl, Bt, Ms, Ksp, Cc | I5: Stratiform sulphides in laminated shale and siltstone with interbedded carbonates and metavolcanics. Some evidence of mobilisation of sulphides into tensile fractures, Riedel shears and cross-cutting veins. Sample SSK36015 is cross-cut by an undeformed quartz-hematite (crosscourse) vein.
A6: 4 | B6: Lundy | C6: 51.163 | D6: -4.658 | E6: sts | F6: LY-14 | G6: Py, Po, Sp (Ccp) | H6: Cc, Qz, Chl | I6: Sulphide-bearing metacarbonate interbedded with Upper Devonian metapelites and metapsammites. Sphalerite has exsolved chalcopyrite, but chalcopyrite has not been observed as a discrete mineral.
A7: Granite related
A8: 5 | B8: Grylls Bunny | C8: 50.14223 | D8: -5.690805 | E8: msk | F8: GBN-01 to GBN-04 | G8: Mt, Cst | H8: Grt, Tur | I8: Banded magnetite-garnet and tourmaline skarns in contact-metamorphic succession of Devonian metapelite and metabasalt of the Mylor Slate Formation
A9: 6 | B9: Magdalen Mine | C9: 50.196389 | D9: -5.131944 | E9: msk | F9: MAG-01, MAG-02 | G9: Mt, Cst | H9: Hbl, Bt | I9: Magnetite-silicate skarn associated with metabasalt and metapelite of the Mylor Slate Formation.
A10: 7 | B10: Haytor Vale | C10: 50.583183 | D10: -3.736612 | E10: msk | F10: HT-01 | G10: Mt, Apy, Py, Ccp, Sp | H10: Qz, Chl, Bt, Ms, Ksp | I10: Sulphide-bearing metapelite of the Crackington Formation (Ashton Shale equivalent) associated with magnetite-skarn
A11: 8 | B11: Red-a-Ven | C11: 50.706667 | D11: -4.026667 | E11: ssk | F11: MP-01 to MP-04 | G11: Po, Py, Lo, Ccp, (Sp), (Apy) | H11: Grt, Mly, Chl, Cpx, Fl, (Qz) | I11: Silicate-sulphide skarn in calc-silicate bearing metasediment of the Meldon Chert Formation. Pyrrhotite, pyrite, sphalerite and löllingite in bands and lenses with minor chalcopyrite. Arsenopyrite, sphalerite, chalcopyrite and pyrite variably developed in transgressive veins
A12: 9 | B12: Ramsley | C12: 50.72088 | D12: -3.913979 | E12: ssk | F12: RS-01 to RS-05 | G12: Po, Ccp | H12: Grt, Mly, Chl, Cpx, Fl, (Qz) | I12: Silicate-sulphide skarn in calc-silicate bearing metasediment of the Meldon Chert Formation.
A13: 10 | B13: Perran St George | C13: 50.339222 | D13: -5.175943 | E13: ssk | F13: PSG-05 | G13: Cst, Ccp, Py, Po, (Sp), (Apy) | H13: Grt, cpx, Qz, Fl, Ap, (Chl) | I13: Pyrrhotite cores surrounded by pyrite in matrix of chalcopyrite. Cassiterite as <1 mm large crystals. Sphalerite as minute grains in chalcopyrite. Provenanced in collection to Perran St George, but location unverified.
A14: 11 | B14: Cligga Head | C14: 50.33925 | D14: -5.179287 | E14: gbsv (psl) | F14: CL-02, CL-03, CL-07, CL-10 | G14: Apy, Ccp, Wf, Cst, Stn, Cct, Py, Ttr, (Lo) | H14: Ms, Qz, Tur, Kln, Chl | I14: Greisen-bordered veins with polymetallic sulphides in kaolinised biotite granite
A15: 12 | B15: Redmoor | C15: 50.516843 | D15: -4.319314 | E15: gbsv - psl | F15: RED-02, RED-03, RED-22, RM82-21-273, RM82-21-274.6, RM82-21-315.6, RM82-24-636, RM82-25-185.6 | G15: Apy, Lo, Wf, Cst, Stn, Ccp, Sp, Py, | H15: Ms, Qz, Tur, Kln, Chl | I15: Greisen-bordered veins with polymetallic sulphides in folded succession of metapelite and metapsammite
A16: 13 | B16: Ding Dong | C16: 50.154162 | D16: -5.592994 | E16: qtv | F16: DD01 - DD06 | G16: Cst, Hem | H16: Qz, Tur | I16: Cassiterite bearing quartz-tourmaline (-hematite) veins cross-cutting megacrystic biotite granite
A17: 14 | B17: Wheal Remfry | C17: 50.380833 | D17: -4.920278 | E17: qtv | F17: WRE01 - WRE05 | G17: Rt, Cst | H17: Qz, Tur | I17: Extremely large (800 m diameter) tourmaline-quartz diatreme breccia with clasts of granite and metasediments. No sulphides, but with tin hosted by rutile (and sporadically cassiterite)
A18: 15 | B18: Vitifer Mine | C18: 50.613 | D18: -3.865 | E18: qtv | F18: VI01 - VI06 | G18: Cst, Hem | H18: Qz, Tur | I18: Cassiterite bearing quartz-tourmaline (-hematite) veins cross-cutting megacrystic biotite granite
A19: 16 | B19: Geevor | C19: 50.153649 | D19: -5.678266 | E19: psl | F19: GV-02, GV-04, GV-05, GV-07, GV-12 | G19: Apy, Cst, Ccp, Bn, Sp-III, Py, (Gn), (Cct) | H19: Qz, Chl, Ksp, (Bt), (Cc) | I19: Polymetallic sulphide lodes with quartz and chlorite cross-cutting granite, hornfels, slate and metabasalt
... A22: 19 | B22: Great Condurrow | C22: 50.206667 | D22: -5.279722 | E22: psl | F22: CW-01 to CW-06 | G22: Sp-I, Ccp, Py, Apy, Cst, Wf, Bn, Fe-ox | H22: Qz, Chl, Ms | I22: Quartz-chlorite lodes with sulphide minerals. Löllingite and wolframite inclusions in arsenopyrite. Arsenopyrite, cassiterite and pyrite appear to be followed by chalcopyrite. Apart from separate grains, chalcopyrite rims arsenopyrite and occur in fractures in pyrite. Bornite and chalcocite locally rim chalcopyrite and are associated with kaolinite.
A23: 20 | B23: Holmans Test Mine | C23: 50.183865 | D23: -5.28326 | E23: qtv - psl | G23: Rt, Cst, Apy, Py, Ccp, Sp-II | H23: Qz, Tur, Chl, Fl | I23: Polymetallic sulphides in quartz-tourmaline breccia veins and quartz-chlorite lodes cross-cutting megacrystic biotite granite
A24: 21 | B24: Wheal Charlotte | C24: 50.296944 | D24: -5.233889 | E24: psl | F24: WCH-01, WCH-02 | G24: Sp-III, Ccp, Py, Apy, Bi, (Po), Fe-ox | H24: Qz, Chl | I24: Polymetallic sulphide lode with quartz and chlorite cross cutting metapelites of the Porthtowan Formation
A25: 22 | B25: Blue Hills | C25: 50.320734 | D25: -5.196993 | E25: psl | F25: BH-01, BH-02 | G25: Py, Cst, (Ccp) | H25: Qz, Chl, Bt | I25: Polymetallic sulphide lode with quartz and chlorite cross cutting metapelites of the Porthtowan Formation
A26: 23 | B26: Trevellas Coombe | C26: 50.321856 | D26: -5.192766 | E26: psl | F26: TL-01, TL-03 | G26: Py, Ccp, Sp-I, Sp-II, (Gn), (Bi), (Cct) | H26: Qz, Chl | I26: Polymetallic sulphide lode with quartz and chlorite cross cutting metapelites of the Porthtowan Formation
A27: 24 | B27: Perran St George | C27: 50.339222 | D27: -5.175943 | E27: psl | F27: PSG-01 | G27: Py, Rt | H27: Qz, Chl, (Bt) | I27: Polymetallic sulphides in quartz-chlorite lode
A28: 25 | B28: Wheal Concord | C28: 50.270861 | D28: -5.190361 | E28: psl | F28: WC-01 | G28: Apy, Cst, Sp-II, Ccp, Py, (Gn) | H28: Qz, Chl | I28: Polymetallic sulphides in quartz-chlorite lode cross cutting metapelite
A29: 26 | B29: Creegbrawse | C29: 50.248139 | D29: -5.163509 | E29: psl | F29: LOC 5 | G29: Apy, Ccp, Sp-II, (Py), (Gn) | H29: Qz, Tur, Chl, (Bt), (Ms) | I29: Polymetallic sulphide lode with quartz and tourmaline gangue cross cutting metapelites
A30: 27 | B30: Wheal Fortune | C30: 50.23691 | D30: -5.149034 | E30: psl | F30: 3JD1, 3JD2, 3JD4 | G30: Ccp, Py, Sp-I, (Apy), (Gn) | H30: Qz, Chl, (Ms), (Bt) | I30: Polymetallic sulphide lode with quartz and chlorite cross cutting metapelites, ore dominated by chalcopyrite and pyrite in a chlorite – quartz gangue. Very fine disseminated cassiterite and sphalerite.
A31: 28 | B31: Wheal Jane | C31: 50.238047 | D31: -5.125555 | E31: psl | F31: WJ-01, WJ-02 | G31: Apy, Py, Cpy, Sp-I, Sp-II, Cst | H31: Qz, Tur, Chl | I31: Polymetallic sulphide lode cross cutting the Devonian Mylor Slate Formation.
A32: 29 | B32: Nangiles | C32: 50.234715 | D32: -5.137104 | E32: psl | F32: NJD-02, NJD-03, NJD-04 | G32: Py, Sp-II, Ccp, Apy, Wf | H32: Qz, Chl | I32: Polymetallic sulphide lode cross cutting the Devonian Mylor Slate Formation.
A33: 30 | B33: West Chiverton | C33: 50.31784 | D33: -5.10119 | E33: psl | F33: CAL-01 | G33: Py, Sp | H33: Qz, Ms, Ksp | I33: Polymetallic sulphide lode cross cutting the Devonian slates of the Ladock Beds.
A34: 31 | B34: East Wheal Rose | C34: 50.362226 | D34: -5.040535 | E34: psl | F34: WR-01 | G34: Sp, Py, (Po), (Ccp), (Gn) | H34: Qz | I34: Polymetallic sulphide lode cross cutting the Lower Devonian calcareous slates of the Meadfoot Beds.
A35: 32 | B35: Gonamena | C35: 50.507957 | D35: -4.453292 | E35: psl | F35: GM-01, GM-02, GM-03 | G35: Apy, Ccp, Cst, Py, Cob, (Cct), (Lo) | H35: Qz, Chl, (Ms), (Bt) | I35: Polymetallic sulphide lode cross cutting the Bodmin Moor biotite granite to the west of Caradon Hill
... A45: 42 | B45: Tavy Consols | C45: 50.498333 | D45: -4.160278 | E45: psl | F45: M112 | G45: Apy, Cst, Ccp, Sp-II, (Sp-I), Py | H45: Qz, Chl, Tur, Fl, (Ms) | I45: Polymetallic sulphide lodes cross-cutting metapelites and metapsammites of the Upper Devonian Kate Brook Slate Formation.
A46: Post-granite
A47: 43 | B47: Wheal Penrose | C47: 50.07708 | D47: -5.305387 | E47: ccv | F47: WP-02 | G47: Ccp, Py, Gn, Hem, (Apy) | H47: Qz, Ksp, Mnz | I47: N-S trending vein of banded hematite and quartz cross-cutting metapelite of the Mylor Slate Formation.
A48: 44 | B48: Wrey-Ludcott United | C48: 50.469167 | D48: -4.398611 | E48: ccv | F48: WL-01 (Wrey), WL-02 (Ludcott) | G48: 1: Cst, Apy, 2: Sp, Py, Fe-ox, (Ccp), (Gn) | H48: 1: Qz, Tur, Ksp, Chl 2: Fl, Cc, Ap | I48: Two N-S trending crosscourse veins crosscutting the Upper Devonian Burraton and Saltash Formations and historically mined for Pb and Ag.
A49: 45 | B49: Holmbush Mine | C49: 50.524722 | D49: -4.317778 | E49: ccv | F49: M-41 | G49: Ga, Sp, Fe-ox, (Py) | H49: Qz, Ms, Ksp | I49: N-S trending crosscourse vein emplaced into the Kate Brook Slate formation and intersecting the greisen-bordered sheeted vein complex at Redmoor.
A50: 46 | B50: Greystone Quarry | C50: 50.601102 | D50: -4.31411 | E50: ccv | F50: GS-01, GS-03 | G50: Py, Gn, Ccp, Sp, (Po) | H50: Qz, Ms, Ksp | I50: Crosscourse vein in Lower Carboniferous metapelite and metadolerite with interbedded chert.
A51: 47 | B51: Buttspill Mine | C51: 50.489992 | D51: -4.204497 | E51: ccv | F51: M-225, M-226, M-227 | G51: Ccp, Gn, Sp, Py, Cob, (Fe-ox), (Lo) | H51: Qz, Fl, Ksp | I51: N-S trending crosscourse vein originally mined for Ag and cross cutting the Lower Carboniferous Kate Brook Slate and Cotehele Sandstone Formations
A52: 48 | B52: Wheal Betsy | C52: 50.613079 | D52: -4.106693 | E52: ccv - (psl) | F52: M-119, M-120, M-121, M-186 | G52: Apy, Lo, Ccp, Sp, Py, Gn, Sd, Hem | H52: Qz, Chl, Bt, Ksp | I52: N-S trending vein with complexly banded ores cross cutting the Lower Carboniferous Greystone and Bealsmill Formations and generally assumed to be of crosscourse origin. Mined for Pb and Ag.
A53: 49 | B53: Wheal Exmouth | C53: 50.635237 | D53: -3.639647 | E53: ccv | F53: WE-01, WE-03, WE-03 | G53: Gn, Sp, Py, Apy, Ccp | H53: Qz, Chl, Ms, Kln | I53: N-S trending crosscourse vein cross cutting the Lower Carboniferous Combe Shale and Teign Chert Formations.

Sheet Table 3
C1: Type | D1: Sphalerite | O1: Chalcopyrite | T1: Stannite-group | Y1: Cassiterite
A2: Pre-granite | D2: n | E2: Fe [max] | F2: Fe [ave] | G2: Cu [max] | H2: Cu [ave] | I2: In [max] | J2: In [ave] | K2: Cd [max] | L2: Cd [ave] | M2: Ga [max] | N2: Ga [ave] | O2: n | P2: Zn [max] | Q2: Zn [ave] | R2: In [max] | S2: In [ave] | T2: n | U2: Zn [max] | V2: Zn [ave] | W2: In [max] | X2: In [ave] | Y2: n | Z2: Fe [max] | AA2: Fe [ave] | AB2: In [max] | AC2: In [ave]
A3: 1 | B3: Duchy Peru | C3: ='Table 2'!E3 -> bv | D3: =Sphalerite!U151 -> 31 | E3: =Sphalerite!V151 -> 5.78 | F3: =Sphalerite!W151 -> 2.4458065 | G3: =Sphalerite!X151 -> 0.5271 | H3: =Sphalerite!Y151 -> 0.15783871 | I3: =Sphalerite!Z151 -> 34 | J3: =Sphalerite!AA151 -> 7.2510621 | K3: =Sphalerite!AB151 -> 6892 | ... N3: =Sphalerite!AE151 -> 490.59677 | O3: =Chalcopyrite!S220 -> 13 | P3: =Chalcopyrite!T220 -> 0.0712 | Q3: =Chalcopyrite!U220 -> 0.042030769 | R3: =Chalcopyrite!V220 -> 21 | S3: =Chalcopyrite!W220 -> 2.8461538
A4: 2 | B4: Wilsey Down | C4: ='Table 2'!E4 -> sts | D4: =Sphalerite!U892 -> 9 | E4: =Sphalerite!V892 -> 8.82 | F4: =Sphalerite!W892 -> 7.69 | G4: =Sphalerite!X892 -> 0.2158 | H4: =Sphalerite!Y892 -> 0.058833333 | I4: =10000*Sphalerite!Z892 -> 82 | J4: =10000*Sphalerite!AA892 -> 16.333333 | K4: =10000*Sphalerite!AB892 -> 10700 | L4: =10000*Sphalerite!AC892 -> 9804.2222 | M4: =10000*Sphalerite!AD892 -> 1004 | N4: =10000*Sphalerite!AE892 -> 865.51667 | O4: =Chalcopyrite!S1129 -> 12 | P4: =Chalcopyrite!T1129 -> 0.0955 | Q4: =Chalcopyrite!U1129 -> 0.053825 | R4: =Chalcopyrite!V1129 -> 42 | S4: =Chalcopyrite!W1129 -> 8.8333333
A5: 3 | B5: Egloskerry | C5: ='Table 2'!E5 -> sts | D5: =Sphalerite!U829 -> 63 | E5: =Sphalerite!V829 -> 4.38 | F5: =Sphalerite!W829 -> 3.5077778 | G5: =Sphalerite!X829 -> 0.9682 | H5: =Sphalerite!Y829 -> 0.093180952 | I5: =10000*Sphalerite!Z829 -> 107 | J5: =10000*Sphalerite!AA829 -> 21.760711 | K5: =10000*Sphalerite!AB829 -> 2153 | L5: =10000*Sphalerite!AC829 -> 869.11111 | M5: =10000*Sphalerite!AD829 -> 1045.7 | N5: =10000*Sphalerite!AE829 -> 880.18175
A6: 4 | B6: Lundy | C6: ='Table 2'!E6 -> sts | D6: =Sphalerite!U911 -> 18 | E6: =Sphalerite!V911 -> 2.86 | F6: =Sphalerite!W911 -> 1.5422667 | G6: =Sphalerite!X911 -> 0.0231 | H6: =Sphalerite!Y911 -> 0.00145 | I6: =10000*Sphalerite!Z911 -> 242 | J6: =10000*Sphalerite!AA911 -> 86.222222 | K6: =10000*Sphalerite!AB911 -> 13900 | L6: =10000*Sphalerite!AC911 -> 11555.556 | M6: =10000*Sphalerite!AD911 -> 1082.75 | N6: =10000*Sphalerite!AE911 -> 878.13333
A7: Granite related
A8: 5 | B8: Grylls Bunny | C8: ='Table 2'!E8 -> msk
A9: 6 | B9: Magdalen Mine | C9: ='Table 2'!E9 -> msk
A10: 7 | B10: Haytor Vale | C10: ='Table 2'!E10 -> msk | D10: =Sphalerite!U901 -> 10 | E10: =Sphalerite!V901 -> 5.29 | F10: =Sphalerite!W901 -> 3.974 | G10: =Sphalerite!X901 -> 0.8738 | H10: =Sphalerite!Y901 -> 0.55064 | I10: =10000*Sphalerite!Z901 -> 1311 | J10: =10000*Sphalerite!AA901 -> 541.4 | K10: =10000*Sphalerite!AB901 -> 2628 | L10: =10000*Sphalerite!AC901 -> 2402.1 | M10: =10000*Sphalerite!AD901 -> 1064.3 | N10: =10000*Sphalerite!AE901 -> 965.03 | O10: =Chalcopyrite!S1141 -> 9 | P10: =Chalcopyrite!T1141 -> 0.6321 | Q10: =Chalcopyrite!U1141 -> 0.13403333 | R10: =Chalcopyrite!V1141 -> 85 | S10: =Chalcopyrite!W1141 -> 62.555556
A11: 8 | B11: Red-a-Ven | C11: ='Table 2'!E11 -> ssk | D11: =Sphalerite!U627 -> 23 | E11: =Sphalerite!V627 -> 13.35 | F11: =Sphalerite!W627 -> 12.697826 | G11: =Sphalerite!X627 -> 0.1279 | H11: =Sphalerite!Y627 -> 0.0682 | I11: =Sphalerite!Z627 -> 1241 | J11: =Sphalerite!AA627 -> 891.21739 | K11: =Sphalerite!AB627 -> 4771 | ... N11: =Sphalerite!AE627 -> 219.7 | O11: =Chalcopyrite!S249 -> 25 | P11: =Chalcopyrite!T249 -> 0.8612 | Q11: =Chalcopyrite!U249 -> 0.137308 | R11: =Chalcopyrite!V249 -> 438.1679 | S11: =Chalcopyrite!W249 -> 102.28672
A12: 9 | B12: Ramsley | C12: ='Table 2'!E12 -> ssk
A13: 10 | B13: Perran St George | C13: ='Table 2'!E13 -> ssk | D13: =Sphalerite!U317 -> 20 | E13: =Sphalerite!V317 -> 6.11 | F13: =Sphalerite!W317 -> 5.452 | G13: =Sphalerite!X317 -> 6.41 | H13: =Sphalerite!Y317 -> 5.74 | I13: =Sphalerite!Z317 -> 11900 | J13: =Sphalerite!AA317 -> 6062.25 | K13: =Sphalerite!AB317 -> 1898 | ... N13: =Sphalerite!AE317 -> 479.5875 | O13: =Chalcopyrite!S267 -> 21 | P13: =Chalcopyrite!T267 -> 0.1015 | Q13: =Chalcopyrite!U267 -> 0.040842857 | R13: =Chalcopyrite!V267 -> 1331 | S13: =Chalcopyrite!W267 -> 1143.0952 | Y13: =Cassiterite!U38 -> 4 | Z13: =Cassiterite!V38 -> 0.2897 | AA13: =Cassiterite!W38 -> 0.1289 | AB13: =Cassiterite!X38 -> 235.27375 | AC13: =Cassiterite!Y38 -> 186.48187
A14: 11 | B14: Cligga Head | C14: ='Table 2'!E14 -> gbsv (psl) | D14: =Sphalerite!U11 -> 15 | E14: =Sphalerite!V11 -> 1.95 | F14: =Sphalerite!W11 -> 1.5782133 | G14: =Sphalerite!X11 -> 0.399 | H14: =Sphalerite!Y11 -> 0.081906667 | I14: =Sphalerite!Z11 -> 743 | J14: =Sphalerite!AA11 -> 322.33477 | K14: =Sphalerite!AB11 -> 1538 | ... N14: =Sphalerite!AE11 -> 514.71333 | O14: =Chalcopyrite!S65 -> 67 | P14: =Chalcopyrite!T65 -> 0.1477 | Q14: =Chalcopyrite!U65 -> 0.033013433 | R14: =Chalcopyrite!V65 -> 539 | S14: =Chalcopyrite!W65 -> 339.71642 | T14: ='Stannite-kesterite'!V29 -> 17 | U14: ='Stannite-kesterite'!W29 -> 13.61 | V14: ='Stannite-kesterite'!X29 -> 8.3670588 | W14: ='Stannite-kesterite'!Y29 -> 659.78375 | X14: ='Stannite-kesterite'!Z29 -> 434.80441 | Y14: =Cassiterite!U71 -> 6 | Z14: =Cassiterite!V71 -> 0.3032 | AA14: =Cassiterite!W71 -> 0.14641667 | AB14: =Cassiterite!X71 -> 426.2 | AC14: =Cassiterite!Y71 -> 353.73937
A15: 12 | B15: Redmoor | C15: ='Table 2'!E15 -> gbsv - psl | D15: =Sphalerite!U337 -> 89 | E15: =Sphalerite!V337 -> 14.86 | F15: =Sphalerite!W337 -> 9.4704494 | G15: =Sphalerite!X337 -> 2.81 | H15: =Sphalerite!Y337 -> 0.3177427 | I15: =Sphalerite!Z337 -> 2013 | J15: =Sphalerite!AA337 -> 406.88073 | K15: =Sphalerite!AB337 -> 6911 | ... N15: =Sphalerite!AE337 -> 345.47416 | O15: =Chalcopyrite!S288 -> 132 | P15: =Chalcopyrite!T288 -> 0.4066 | Q15: =Chalcopyrite!U288 -> 0.06835 | R15: =Chalcopyrite!V288 -> 1147 | S15: =Chalcopyrite!W288 -> 157.36364 | T15: ='Stannite-kesterite'!V62 -> 7 | U15: ='Stannite-kesterite'!W62 -> 5.16 | V15: ='Stannite-kesterite'!X62 -> 3.9885714 | W15: ='Stannite-kesterite'!Y62 -> 265.27125 | X15: ='Stannite-kesterite'!Z62 -> 229.38125 | Y15: =Cassiterite!U37 -> 6 | Z15: =Cassiterite!V37 -> 0.2572 | AA15: =Cassiterite!W37 -> 0.088283333 | AB15: =Cassiterite!X37 -> 758.4125 | AC15: =Cassiterite!Y37 -> 584.82458
A16: 13 | B16: Ding Dong | C16: ='Table 2'!E16 -> qtv
A17: 14 | B17: Wheal Remfry | C17: ='Table 2'!E17 -> qtv
A18: 15 | B18: Vitifer Mine | C18: ='Table 2'!E18 -> qtv
A19: 16 | B19: Geevor | C19: ='Table 2'!E19 -> psl | D19: =Sphalerite!U103 -> 45 | E19: =Sphalerite!V103 -> 11.83 | F19: =Sphalerite!W103 -> 10.475111 | G19: =Sphalerite!X103 -> 4.39 | H19: =Sphalerite!Y103 -> 0.55967111 | I19: =Sphalerite!Z103 -> 839 | J19: =Sphalerite!AA103 -> 263.11111 | K19: =Sphalerite!AB103 -> 2095 | ... N19: =Sphalerite!AE103 -> 260.68889 | O19: =Chalcopyrite!S347 -> 57 | P19: =Chalcopyrite!T347 -> 0.0505 | Q19: =Chalcopyrite!U347 -> 0.02025614 | R19: =Chalcopyrite!V347 -> 822 | S19: =Chalcopyrite!W347 -> 203.38596 | Y19: =Cassiterite!U19 -> 18 | Z19: =Cassiterite!V19 -> 1.32 | AA19: =Cassiterite!W19 -> 0.30806111 | AB19: =Cassiterite!X19 -> 1876.14 | AC19: =Cassiterite!Y19 -> 863.38111
A20: 17 | B20: Botallack | C20: ='Table 2'!E20 -> psl | D20: =Sphalerite!U361 -> 6 | E20: =Sphalerite!V361 -> 4.14 | F20: =Sphalerite!W361 -> 3.965 | G20: =Sphalerite!X361 -> 0.6215 | H20: =Sphalerite!Y361 -> 0.30906667 | I20: =Sphalerite!Z361 -> 1953 | J20: =Sphalerite!AA361 -> 1409.8333 | K20: =Sphalerite!AB361 -> 2971 | ... N20: =Sphalerite!AE361 -> 370.675 | O20: =Chalcopyrite!S319 -> 28 | P20: =Chalcopyrite!T319 -> 0.0894 | Q20: =Chalcopyrite!U319 -> 0.025228 | R20: =Chalcopyrite!V319 -> 947 | S20: =Chalcopyrite!W319 -> 342.32143 | T20: ='Stannite-kesterite'!V2 -> 27 | U20: ='Stannite-kesterite'!W2 -> 9.2 | V20: ='Stannite-kesterite'!X2 -> 3.1114815 | W20: ='Stannite-kesterite'!Y2 -> 6814.6775 | X20: ='Stannite-kesterite'!Z2 -> 3167.8139
A21: 18 | B21: Dolcoath | C21: ='Table 2'!E21 -> psl | D21: =Sphalerite!U26 -> 59 | E21: =Sphalerite!V26 -> 12.01 | F21: =Sphalerite!W26 -> 8.516122 | G21: =Sphalerite!X26 -> 7.27 | H21: =Sphalerite!Y26 -> 0.84922373 | I21: =Sphalerite!Z26 -> 14200 | J21: =Sphalerite!AA26 -> 1416.0218 | K21: =Sphalerite!AB26 -> 9474 | ... N21: =Sphalerite!AE26 -> 348.44407 | O21: =Chalcopyrite!S132 -> 67 | P21: =Chalcopyrite!T132 -> 0.5643 | Q21: =Chalcopyrite!U132 -> 0.056535821 | R21: =Chalcopyrite!V132 -> 2214 | S21: =Chalcopyrite!W132 -> 648.01003 | Y21: =Cassiterite!U13 -> 16 | Z21: =Cassiterite!V13 -> 1.71 | AA21: =Cassiterite!W13 -> 0.37696875 | AB21: =Cassiterite!X13 -> 1554.1588 | AC21: =Cassiterite!Y13 -> 507.49758
A22: 19 | B22: Great Condurrow | C22: ='Table 2'!E22 -> psl
A23: 20 | B23: Holmans Test Mine | C23: ='Table 2'!E23 -> qtv - psl
A24: 21 | B24: Wheal Charlotte | C24: ='Table 2'!E24 -> psl | D24: =Sphalerite!U367 -> 64 | E24: =Sphalerite!V367 -> 8.35 | F24: =Sphalerite!W367 -> 6.2429688 | G24: =Sphalerite!X367 -> 0.7247 | H24: =Sphalerite!Y367 -> 0.076621875 | I24: =Sphalerite!Z367 -> 13600 | J24: =Sphalerite!AA367 -> 1010.5647 | K24: =Sphalerite!AB367 -> 1684 | ... N24: =Sphalerite!AE367 -> 315.13828 | O24: =Chalcopyrite!S405 -> 57 | P24: =Chalcopyrite!T405 -> 0.4786 | Q24: =Chalcopyrite!U405 -> 0.054901754 | R24: =Chalcopyrite!V405 -> 203 | S24: =Chalcopyrite!W405 -> 59.981408
A25: 22 | B25: Blue Hills | C25: ='Table 2'!E25 -> psl | Y25: =Cassiterite!U77 -> 7 | Z25: =Cassiterite!V77 -> 0.8063 | AA25: =Cassiterite!W77 -> 0.43062857 | AB25: =Cassiterite!X77 -> 495.9075 | AC25: =Cassiterite!Y77 -> 465.48429
A26: 23 | B26: Trevellas Coombe | C26: ='Table 2'!E26 -> psl | D26: =Sphalerite!U447 -> 27 | E26: =Sphalerite!V447 -> 4.44 | F26: =Sphalerite!W447 -> 1.3885407 | G26: =Sphalerite!X447 -> 4.57 | H26: =Sphalerite!Y447 -> 0.7678963 | I26: =Sphalerite!Z447 -> 2632.2145 | J26: =Sphalerite!AA447 -> 1191.0931 | K26: =Sphalerite!AB447 -> 1452 | ... N26: =Sphalerite!AE447 -> 467.36111 | O26: =Chalcopyrite!S531 -> 31 | P26: =Chalcopyrite!T531 -> 0.0963 | Q26: =Chalcopyrite!U531 -> 0.036248387 | R26: =Chalcopyrite!V531 -> 685 | S26: =Chalcopyrite!W531 -> 430.45161
A27: 24 | B27: Perran St George | C27: ='Table 2'!E27 -> psl
A28: 25 | B28: Wheal Concord | C28: ='Table 2'!E28 -> psl | D28: =Sphalerite!U474 -> 19 | E28: =Sphalerite!V474 -> 10.69 | F28: =Sphalerite!W474 -> 10.364211 | G28: =Sphalerite!X474 -> 0.1626 | H28: =Sphalerite!Y474 -> 0.030178947 | I28: =Sphalerite!Z474 -> 257 | J28: =Sphalerite!AA474 -> 176.94737 | K28: =Sphalerite!AB474 -> 1407 | ... N28: =Sphalerite!AE474 -> 409.88947 | O28: =Chalcopyrite!S562 -> 9 | P28: =Chalcopyrite!T562 -> 0.6907 | Q28: =Chalcopyrite!U562 -> 0.3879 | R28: =Chalcopyrite!V562 -> 35 | S28: =Chalcopyrite!W562 -> 8.4444444
A29: 26 | B29: Creegbrawse | C29: ='Table 2'!E29 -> psl | D29: =Sphalerite!U182 -> 24 | E29: =Sphalerite!V182 -> 11.35 | F29: =Sphalerite!W182 -> 10.371667 | G29: =Sphalerite!X182 -> 0.1151 | H29: =Sphalerite!Y182 -> 0.019233333 | I29: =Sphalerite!Z182 -> 1150 | J29: =Sphalerite!AA182 -> 207.5 | K29: =Sphalerite!AB182 -> 1233 | ... N29: =Sphalerite!AE182 -> 278.79167 | O29: =Chalcopyrite!S233 -> 16 | P29: =Chalcopyrite!T233 -> 0.3599 | Q29: =Chalcopyrite!U233 -> 0.079025 | R29: =Chalcopyrite!V233 -> 357 | S29: =Chalcopyrite!W233 -> 148.5625 | Y29: =Cassiterite!U42 -> 4 | Z29: =Cassiterite!V42 -> 0.5224 | AA29: =Cassiterite!W42 -> 0.1591 | AB29: =Cassiterite!X42 -> 461.31375 | AC29: =Cassiterite!Y42 -> 442.79437
A30: 27 | B30: Wheal Fortune | C30: ='Table 2'!E30 -> psl | D30: =Sphalerite!U2 -> 5 | E30: =Sphalerite!V2 -> 10.52 | F30: =Sphalerite!W2 -> 7.496 | G30: =Sphalerite!X2 -> 2.45 | H30: =Sphalerite!Y2 -> 0.96198 | I30: =Sphalerite!Z2 -> 4634 | J30: =Sphalerite!AA2 -> 1769.5145 | K30: =Sphalerite!AB2 -> 2995 | ... N30: =Sphalerite!AE2 -> 336.98 | O30: =Chalcopyrite!S2 -> 63 | P30: =Chalcopyrite!T2 -> 0.5924 | Q30: =Chalcopyrite!U2 -> 0.062628571 | R30: =Chalcopyrite!V2 -> 1519 | S30: =Chalcopyrite!W2 -> 602.07937 | Y30: =Cassiterite!U84 -> 1 | Z30: =Cassiterite!V84 -> 0.9912 | AA30: =Cassiterite!W84 -> 0.9912 | AB30: =Cassiterite!X84 -> 969.61625 | AC30: =Cassiterite!Y84 -> 969.61625
A31: 28 | B31: Wheal Jane | C31: ='Table 2'!E31 -> psl | D31: =Sphalerite!U431 -> 18 | E31: =Sphalerite!V431 -> 10.84 | F31: =Sphalerite!W431 -> 6.3527778 | G31: =Sphalerite!X431 -> 0.0581 | H31: =Sphalerite!Y431 -> 0.015772222 | I31: =Sphalerite!Z431 -> 532 | J31: =Sphalerite!AA431 -> 399.38889 | K31: =Sphalerite!AB431 -> 1438 | ... N31: =Sphalerite!AE431 -> 435.75278 | O31: =Chalcopyrite!S462 -> 21 | P31: =Chalcopyrite!T462 -> 0.0833 | Q31: =Chalcopyrite!U462 -> 0.041057143 | R31: =Chalcopyrite!V462 -> 221 | S31: =Chalcopyrite!W462 -> 109.42857 | Y31: =Cassiterite!U17 -> 2 | Z31: =Cassiterite!V17 -> 0.3017 | AA31: =Cassiterite!W17 -> 0.17225 | AB31: =Cassiterite!X17 -> 486.21875 | AC31: =Cassiterite!Y17 -> 446.895
A32: 29 | B32: Nangiles | C32: ='Table 2'!E32 -> psl | D32: =Sphalerite!U225 -> 92 | E32: =Sphalerite!V225 -> 12.12 | F32: =Sphalerite!W225 -> 9.7693478 | G32: =Sphalerite!X225 -> 0.454 | H32: =Sphalerite!Y225 -> 0.062059783 | I32: =Sphalerite!Z225 -> 4468 | J32: =Sphalerite!AA225 -> 290.32714 | K32: =Sphalerite!AB225 -> 2097 | ... N32: =Sphalerite!AE225 -> 488.60228 | O32: =Chalcopyrite!S263 -> 4 | P32: =Chalcopyrite!T263 -> 1.84 | Q32: =Chalcopyrite!U263 -> 1.6625 | R32: =Chalcopyrite!V263 -> 0 | S32: =Chalcopyrite!W263 -> 0
A33: 30 | B33: West Chiverton | C33: ='Table 2'!E33 -> psl | D33: =Sphalerite!U7 -> 4 | E33: =Sphalerite!V7 -> 8.52 | F33: =Sphalerite!W7 -> 4.6888 | G33: =Sphalerite!X7 -> 4.58 | H33: =Sphalerite!Y7 -> 1.4975 | I33: =Sphalerite!Z7 -> 1494 | J33: =Sphalerite!AA7 -> 703.25 | K33: =Sphalerite!AB7 -> 1447 | ... N33: =Sphalerite!AE7 -> 489.3375
A34: 31 | B34: East Wheal Rose | C34: ='Table 2'!E34 -> psl | D34: =Sphalerite!U507 -> 19 | E34: =Sphalerite!V507 -> 12.83 | F34: =Sphalerite!W507 -> 9.5794737 | G34: =Sphalerite!X507 -> 0.113 | H34: =Sphalerite!Y507 -> 0.028115789 | I34: =Sphalerite!Z507 -> 2024 | J34: =Sphalerite!AA507 -> 484.73684 | K34: =Sphalerite!AB507 -> 1727 | ... N34: =Sphalerite!AE507 -> 355.65789
A35: 32 | B35: Gonamena | C35: ='Table 2'!E35 -> psl | O35: =Chalcopyrite!S946 -> 18 | P35: =Chalcopyrite!T946 -> 0.441 | Q35: =Chalcopyrite!U946 -> 0.04975 | R35: =Chalcopyrite!V946 -> 249 | S35: =Chalcopyrite!W946 -> 137.55556 | Y35: =Cassiterite!U47 -> 2 | Z35: =Cassiterite!V47 -> 0.6439 | AA35: =Cassiterite!W47 -> 0.5099 | AB35: =Cassiterite!X47 -> 134.93875 | AC35: =Cassiterite!Y47 -> 121.03125
A36: 33 | B36: South Caradon | C36: ='Table 2'!E36 -> psl | D36: =Sphalerite!U590 -> 8 | E36: =Sphalerite!V590 -> 1.78 | F36: =Sphalerite!W590 -> 0.8911125 | G36: =Sphalerite!X590 -> 1.42 | H36: =Sphalerite!Y590 -> 0.6530375 | I36: =Sphalerite!Z590 -> 36 | J36: =Sphalerite!AA590 -> 5.3739391 | K36: =Sphalerite!AB590 -> 1526 | ... N36: =Sphalerite!AE590 -> 323.75 | O36: =Chalcopyrite!S724 -> 52 | P36: =Chalcopyrite!T724 -> 0.2266 | Q36: =Chalcopyrite!U724 -> 0.027898077 | R36: =Chalcopyrite!V724 -> 1147 | S36: =Chalcopyrite!W724 -> 272.65385 | Y36: =Cassiterite!U54 -> 1 | Z36: =Cassiterite!V54 -> 0.566 | AA36: =Cassiterite!W54 -> 0.566 | AB36: =Cassiterite!X54 -> 697.05 | AC36: =Cassiterite!Y54 -> 697.05
A37: 34 | B37: East Caradon | C37: ='Table 2'!E37 -> psl | D37: =Sphalerite!U588 -> 2 | E37: =Sphalerite!V588 -> 0.5776 | F37: =Sphalerite!W588 -> 0.54545 | G37: =Sphalerite!X588 -> 1.69 | H37: =Sphalerite!Y588 -> 1.68 | I37: =Sphalerite!Z588 -> 111.98009 | J37: =Sphalerite!AA588 -> 85.490044 | K37: =Sphalerite!AB588 -> 5 | ... N37: =Sphalerite!AE588 -> 467.225 | O37: =Chalcopyrite!S642 -> 82 | P37: =Chalcopyrite!T642 -> 0.058 | Q37: =Chalcopyrite!U642 -> 0.023046341 | R37: =Chalcopyrite!V642 -> 488 | S37: =Chalcopyrite!W642 -> 286.71951 | Y37: =Cassiterite!U68 -> 3 | Z37: =Cassiterite!V68 -> 0.8767 | AA37: =Cassiterite!W68 -> 0.60426667 | AB37: =Cassiterite!X68 -> 744.3775 | AC37: =Cassiterite!Y68 -> 371.81125
A38: 35 | B38: Hingston Down | C38: ='Table 2'!E38 -> psl | D38: =Sphalerite!U148 -> 3 | E38: =Sphalerite!V148 -> 7.53 | F38: =Sphalerite!W148 -> 2.8903667 | G38: =Sphalerite!X148 -> 3.94 | H38: =Sphalerite!Y148 -> 1.9346 | I38: =Sphalerite!Z148 -> 802 | J38: =Sphalerite!AA148 -> 321.46208 | K38: =Sphalerite!AB148 -> 3796 | ... N38: =Sphalerite!AE148 -> 386.95 | O38: =Chalcopyrite!S202 -> 20 | P38: =Chalcopyrite!T202 -> 0.2818 | Q38: =Chalcopyrite!U202 -> 0.053545 | R38: =Chalcopyrite!V202 -> 281 | S38: =Chalcopyrite!W202 -> 166.4 | T38: ='Stannite-kesterite'!V46 -> 16 | U38: ='Stannite-kesterite'!W46 -> 2.87 | V38: ='Stannite-kesterite'!X46 -> 1.6463125 | W38: ='Stannite-kesterite'!Y46 -> 687.0325 | X38: ='Stannite-kesterite'!Z46 -> 252.9825 | Y38: =Cassiterite!U46 -> 1 | Z38: =Cassiterite!V46 -> 0.1549 | AA38: =Cassiterite!W46 -> 0.1549 | AB38: =Cassiterite!X46 -> 294.12125 | AC38: =Cassiterite!Y46 -> 294.12125
A39: 36 | B39: Capel Tor | C39: ='Table 2'!E39 -> qtv - psl - (gbsv) | D39: =Sphalerite!U747 -> 10 | E39: =Sphalerite!V747 -> 6.61 | F39: =Sphalerite!W747 -> 4.35 | G39: =Sphalerite!X747 -> 4.74 | H39: =Sphalerite!Y747 -> 1.70477 | I39: =Sphalerite!Z747 -> 2324 | J39: =Sphalerite!AA747 -> 1543.2 | K39: =Sphalerite!AB747 -> 3288 | ... N39: =Sphalerite!AE747 -> 447.14 | O39: =Chalcopyrite!S1014 -> 39 | P39: 0.23 | Q39: 0.039482051 | R39: =Chalcopyrite!V1014 -> 1040 | S39: =Chalcopyrite!W1014 -> 443.64103
A40: 37 | B40: Great Sheba Consols | C40: ='Table 2'!E40 -> psl | D40: =Sphalerite!U737 -> 6 | E40: =Sphalerite!V737 -> 4.1 | F40: =Sphalerite!W737 -> 3.2666667 | G40: =Sphalerite!X737 -> 1.74 | H40: =Sphalerite!Y737 -> 0.787 | I40: =Sphalerite!Z737 -> 54 | J40: =Sphalerite!AA737 -> 11.922756 | K40: =Sphalerite!AB737 -> 3123 | ... N40: =Sphalerite!AE737 -> 385.05833 | O40: =Chalcopyrite!S1013 -> 1 | P40: =Chalcopyrite!T1013 -> 0.0522 | Q40: =Chalcopyrite!U1013 -> 0.0522 | R40: =Chalcopyrite!V1013 -> 61 | S40: =Chalcopyrite!W1013 -> 61
A41: 38 | B41: Devon Great Consols | C41: ='Table 2'!E41 -> qtv - psl | D41: =Sphalerite!U598 -> 29 | E41: =Sphalerite!V598 -> 10.16 | F41: =Sphalerite!W598 -> 7.7989655 | G41: =Sphalerite!X598 -> 2.64 | H41: =Sphalerite!Y598 -> 0.79217586 | I41: =Sphalerite!Z598 -> 3294 | J41: =Sphalerite!AA598 -> 899.41379 | K41: =Sphalerite!AB598 -> 4943 | ... N41: =Sphalerite!AE598 -> 360.06379 | O41: =Chalcopyrite!S776 -> 170 | P41: =Chalcopyrite!T776 -> 0.2322 | Q41: =Chalcopyrite!U776 -> 0.044694118 | R41: =Chalcopyrite!V776 -> 647 | S41: =Chalcopyrite!W776 -> 188.90588 | T41: ='Stannite-kesterite'!V69 -> 13 | U41: ='Stannite-kesterite'!W69 -> 1.82 | V41: ='Stannite-kesterite'!X69 -> 1.0624923 | W41: ='Stannite-kesterite'!Y69 -> 875.97875 | X41: ='Stannite-kesterite'!Z69 -> 410.48712 | Y41: =Cassiterite!U49 -> 3 | Z41: =Cassiterite!V49 -> 0.3956 | AA41: =Cassiterite!W49 -> 0.24113333 | AB41: =Cassiterite!X49 -> 630.245 | AC41: =Cassiterite!Y49 -> 606.62542
A42: 39 | B42: Cotehele Consols | C42: ='Table 2'!E42 -> psl | D42: =Sphalerite!U771 -> 20 | E42: =Sphalerite!V771 -> 7.88 | F42: =Sphalerite!W771 -> 6.008 | G42: =Sphalerite!X771 -> 1.28 | H42: =Sphalerite!Y771 -> 0.080635 | I42: =Sphalerite!Z771 -> 14.466788 | J42: =Sphalerite!AA771 -> 0.827395 | K42: =Sphalerite!AB771 -> 4638 | ... N42: =Sphalerite!AE771 -> 662.77
A43: 40 | B43: Okeltor | C43: ='Table 2'!E43 -> psl
A44: 41 | B44: William and Mary | C44: ='Table 2'!E44 -> psl
A45: 42 | B45: Tavy Consols | C45: ='Table 2'!E45 -> psl | D45: =Sphalerite!U650 -> 21 | E45: =Sphalerite!V650 -> 8.26 | F45: =Sphalerite!W650 -> 7.137619 | G45: =Sphalerite!X650 -> 1.13 | H45: =Sphalerite!Y650 -> 0.10785238 | I45: =Sphalerite!Z650 -> 29 | J45: =Sphalerite!AA650 -> 6.4424452 | K45: =Sphalerite!AB650 -> 4055 | ... N45: =Sphalerite!AE650 -> 370.69286 | O45: =Chalcopyrite!S977 -> 6 | P45: =Chalcopyrite!T977 -> 0.1136 | Q45: =Chalcopyrite!U977 -> 0.062933333 | R45: =Chalcopyrite!V977 -> 73 | S45: =Chalcopyrite!W977 -> 29.833333 | Y45: =Cassiterite!U87 -> 2 | Z45: =Cassiterite!V87 -> 0.921 | AA45: =Cassiterite!W87 -> 0.57235 | AB45: =Cassiterite!X87 -> 18.8725 | AC45: =Cassiterite!Y87 -> 3.43
A46: Post-granite
A47: 43 | B47: Wheal Penrose | C47: ='Table 2'!E47 -> ccv | O47: =Chalcopyrite!S310 -> 9 | P47: =Chalcopyrite!T310 -> 0.0556 | Q47: =Chalcopyrite!U310 -> 0.036277778 | R47: =Chalcopyrite!V310 -> 296 | S47: =Chalcopyrite!W310 -> 86.555556
A48: 44 | B48: Wrey-Ludcott United | C48: ='Table 2'!E48 -> ccv | D48: =Sphalerite!U206 -> 25 | E48: =Sphalerite!V206 -> 6.27 | F48: =Sphalerite!W206 -> 3.4621 | G48: =Sphalerite!X206 -> 2.5 | H48: =Sphalerite!Y206 -> 0.220776 | I48: =Sphalerite!Z206 -> 1071 | J48: =Sphalerite!AA206 -> 335.5261 | K48: =Sphalerite!AB206 -> 4378 | ... N48: =Sphalerite!AE206 -> 486.542
A49: 45 | B49: Holmbush Mine | C49: ='Table 2'!E49 -> ccv | D49: =Sphalerite!U826 -> 3 | E49: =Sphalerite!V826 -> 4.18 | F49: =Sphalerite!W826 -> 3.6 | G49: =Sphalerite!X826 -> 0.1449 | H49: =Sphalerite!Y826 -> 0.0555 | I49: =Sphalerite!Z826 -> 37 | J49: =Sphalerite!AA826 -> 19.839946 | K49: =Sphalerite!AB826 -> 1727 | ... N49: =Sphalerite!AE826 -> 748.98333
A50: 46 | B50: Greystone Quarry | C50: ='Table 2'!E50 -> ccv | D50: =Sphalerite!U85 -> 18 | E50: =Sphalerite!V85 -> 0.4322 | F50: =Sphalerite!W85 -> 0.17896111 | G50: =Sphalerite!X85 -> 0.3349 | H50: =Sphalerite!Y85 -> 0.039322222 | I50: =Sphalerite!Z85 -> 97 | J50: =Sphalerite!AA85 -> 16 | K50: =Sphalerite!AB85 -> 4928 | ... N50: =Sphalerite!AE85 -> 467.58889 | O50: =Chalcopyrite!S190 -> 12 | P50: =Chalcopyrite!T190 -> 0.045 | Q50: =Chalcopyrite!U190 -> 0.021125 | R50: =Chalcopyrite!V190 -> 2 | S50: =Chalcopyrite!W190 -> 0.16666667
A51: 47 | B51: Buttspill Mine | C51: ='Table 2'!E51 -> ccv | D51: =Sphalerite!U791 -> 24 | E51: =Sphalerite!V791 -> 1.59 | F51: =Sphalerite!W791 -> 0.47340833 | G51: =Sphalerite!X791 -> 2.74 | H51: =Sphalerite!Y791 -> 0.53755417 | I51: =Sphalerite!Z791 -> 42 | J51: =Sphalerite!AA791 -> 6.3041687 | K51: =Sphalerite!AB791 -> 17400 | ... N51: =Sphalerite!AE791 -> 783.60833 | O51: =Chalcopyrite!S1053 -> 35 | P51: =Chalcopyrite!T1053 -> 0.3159 | Q51: =Chalcopyrite!U1053 -> 0.060394286 | R51: =Chalcopyrite!V1053 -> 744.12807 | S51: =Chalcopyrite!W1053 -> 179.20359
A52: 48 | B52: Wheal Betsy | C52: ='Table 2'!E52 -> ccv - (psl) | D52: =Sphalerite!U671 -> 36 | E52: =Sphalerite!V671 -> 3.72 | F52: =Sphalerite!W671 -> 1.9818028 | G52: =Sphalerite!X671 -> 1.55 | H52: =Sphalerite!Y671 -> 0.42835278 | I52: =Sphalerite!Z671 -> 975 | J52: =Sphalerite!AA671 -> 106.1216 | K52: =Sphalerite!AB671 -> 15500 | ... N52: =Sphalerite!AE671 -> 546.7 | O52: =Chalcopyrite!S978 -> 53 | P52: =Chalcopyrite!T978 -> 0.2135 | Q52: =Chalcopyrite!U978 -> 0.032692453 | R52: =Chalcopyrite!V978 -> 285.48876 | S52: =Chalcopyrite!W978 -> 93.384348
A53: 49 | B53: Wheal Exmouth | C53: ='Table 2'!E53 -> ccv | D53: =Sphalerite!U930 -> 54 | E53: =Sphalerite!V930 -> 11.01 | F53: =Sphalerite!W930 -> 1.1868426 | G53: =Sphalerite!X930 -> 0.6381 | H53: =Sphalerite!Y930 -> 0.077085185 | I53: =10000*Sphalerite!Z930 -> 424 | J53: =10000*Sphalerite!AA930 -> 23.374905 | K53: =10000*Sphalerite!AB930 -> 11200 | L53: =10000*Sphalerite!AC930 -> 3736.1481 | M53: =10000*Sphalerite!AD930 -> 925 | N53: =10000*Sphalerite!AE930 -> 624.5037 | O53: =Chalcopyrite!S1150 -> 1 | P53: =Chalcopyrite!T1150 -> 2.53 | Q53: =Chalcopyrite!U1150 -> 2.53 | R53: =Chalcopyrite!V1150 -> 0 | S53: =Chalcopyrite!W1150 -> 0

Sheet Table 4
C1: Type | D1: Chalcopyrite
A2: Pre-granite | D2: n | E2: Zn [max] | F2: Zn [ave] | G2: In [max] | H2: In [ave]
A3: 1 | B3: Duchy Peru | C3: bv | D3: 13 | E3: 0.0712 | F3: 0.042030769 | G3: 21 | H3: 2.8461538
A4: 2 | B4: Wilsey Down | C4: sts | D4: 12 | E4: 0.0955 | F4: 0.053825 | G4: 42 | H4: 8.8333333
A5: 3 | B5: Egloskerry | C5: sts
A6: 4 | B6: Lundy | C6: sts
A7: Granite related
A8: 5 | B8: Grylls Bunny | C8: msk
A9: 6 | B9: Magdalen Mine | C9: msk
A10: 7 | B10: Haytor Vale | C10: msk | D10: 9 | E10: 0.6321 | F10: 0.13403333 | G10: 85 | H10: 62.555556
A11: 8 | B11: Red-a-Ven | C11: ssk | D11: 25 | E11: 0.8612 | F11: 0.137308 | G11: 438.1679 | H11: 102.28672
A12: 9 | B12: Ramsley | C12: ssk
A13: 10 | B13: Perran St George | C13: ssk | D13: 21 | E13: 0.1015 | F13: 0.040842857 | G13: 1331 | H13: 1143.0952
A14: 11 | B14: Cligga Head | C14: gbsv (psl) | D14: 67 | E14: 0.1477 | F14: 0.033013433 | G14: 539 | H14: 339.71642
A15: 12 | B15: Redmoor | C15: gbsv - psl | D15: 132 | E15: 0.4066 | F15: 0.06835 | G15: 1147 | H15: 157.36364
A16: 13 | B16: Ding Dong | C16: qtv
A17: 14 | B17: Wheal Remfry | C17: qtv
A18: 15 | B18: Vitifer Mine | C18: qtv
A19: 16 | B19: Geevor | C19: psl | D19: 57 | E19: 0.0505 | F19: 0.02025614 | G19: 822 | H19: 203.38596
A20: 17 | B20: Botallack | C20: psl | D20: 28 | E20: 0.0894 | F20: 0.025228 | G20: 947 | H20: 342.32143
A21: 18 | B21: Dolcoath | C21: psl | D21: 67 | E21: 0.5643 | F21: 0.056535821 | G21: 2214 | H21: 648.01003
A22: 19 | B22: Great Condurrow | C22: psl
A23: 20 | B23: Holmans Test Mine | C23: qtv - psl
A24: 21 | B24: Wheal Charlotte | C24: psl | D24: 57 | E24: 0.4786 | F24: 0.054901754 | G24: 203 | H24: 59.981408
A25: 22 | B25: Blue Hills | C25: psl
A26: 23 | B26: Trevellas Coombe | C26: psl | D26: 31 | E26: 0.0963 | F26: 0.036248387 | G26: 685 | H26: 430.45161
A27: 24 | B27: Perran St George | C27: psl
A28: 25 | B28: Wheal Concord | C28: psl | D28: 9 | E28: 0.6907 | F28: 0.3879 | G28: 35 | H28: 8.4444444
A29: 26 | B29: Creegbrawse | C29: psl | D29: 16 | E29: 0.3599 | F29: 0.079025 | G29: 357 | H29: 148.5625
A30: 27 | B30: Wheal Fortune | C30: psl | D30: 63 | E30: 0.5924 | F30: 0.062628571 | G30: 1519 | H30: 602.07937
A31: 28 | B31: Wheal Jane | C31: psl | D31: 21 | E31: 0.0833 | F31: 0.041057143 | G31: 221 | H31: 109.42857
A32: 29 | B32: Nangiles | C32: psl | D32: 4 | E32: 1.84 | F32: 1.6625 | G32: 0 | H32: 0
A33: 30 | B33: West Chiverton | C33: psl
A34: 31 | B34: East Wheal Rose | C34: psl
A35: 32 | B35: Gonamena | C35: psl | D35: 18 | E35: 0.441 | F35: 0.04975 | G35: 249 | H35: 137.55556
A36: 33 | B36: South Caradon | C36: psl | D36: 52 | E36: 0.2266 | F36: 0.027898077 | G36: 1147 | H36: 272.65385
A37: 34 | B37: East Caradon | C37: psl | D37: 82 | E37: 0.058 | F37: 0.023046341 | G37: 488 | H37: 286.71951
A38: 35 | B38: Hingston Down | C38: psl | D38: 20 | E38: 0.2818 | F38: 0.053545 | G38: 281 | H38: 166.4
A39: 36 | B39: Capel Tor | C39: qtv - psl - (gbsv) | D39: 39 | E39: 0.23 | F39: 0.039482051 | G39: 1040 | H39: 443.64103
A40: 37 | B40: Great Sheba Consols | C40: psl | D40: 1 | E40: 0.0522 | F40: 0.0522 | G40: 61 | H40: 61
A41: 38 | B41: Devon Great Consols | C41: qtv - psl | D41: 170 | E41: 0.2322 | F41: 0.044694118 | G41: 647 | H41: 188.90588
A42: 39 | B42: Cotehele Consols | C42: psl
A43: 40 | B43: Okeltor | C43: psl
A44: 41 | B44: William and Mary | C44: psl
A45: 42 | B45: Tavy Consols | C45: psl | D45: 6 | E45: 0.1136 | F45: 0.062933333 | G45: 73 | H45: 29.833333
A46: Post-granite
A47: 43 | B47: Wheal Penrose | C47: ccv | D47: 9 | E47: 0.0556 | F47: 0.036277778 | G47: 296 | H47: 86.555556
A48: 44 | B48: Wrey-Ludcott United | C48: ccv
A49: 45 | B49: Holmbush Mine | C49: ccv
A50: 46 | B50: Greystone Quarry | C50: ccv | D50: 12 | E50: 0.045 | F50: 0.021125 | G50: 2 | H50: 0.16666667
A51: 47 | B51: Buttspill Mine | C51: ccv | D51: 35 | E51: 0.3159 | F51: 0.060394286 | G51: 744.12807 | H51: 179.20359
A52: 48 | B52: Wheal Betsy | C52: ccv - (psl) | D52: 53 | E52: 0.2135 | F52: 0.032692453 | G52: 285.48876 | H52: 93.384348
A53: 49 | B53: Wheal Exmouth | C53: ccv | D53: 1 | E53: 2.53 | F53: 2.53 | G53: 0 | H53: 0

Sheet Table 5
C1: Type | D1: Stannite-group | I1: Cassiterite
A2: Granite related | D2: n | E2: Zn [max] | F2: Zn [ave] | G2: In [max] | H2: In [ave] | I2: n | J2: Fe [max] | K2: Fe [ave] | L2: In [max] | M2: In [ave]
A3: 10 | B3: Perran St George | C3: ='Table 2'!E13 -> ssk | I3: 4 | J3: 0.2897 | K3: 0.1289 | L3: 235.27375 | M3: 186.48187
A4: 11 | B4: Cligga Head | C4: ='Table 2'!E14 -> gbsv (psl) | D4: 17 | E4: 13.61 | F4: 8.3670588 | G4: 659.78375 | H4: 434.80441 | I4: 6 | J4: 0.3032 | K4: 0.14641667 | L4: 426.2 | M4: 353.73937
A5: 12 | B5: Redmoor | C5: ='Table 2'!E15 -> gbsv - psl | D5: 7 | E5: 5.16 | F5: 3.9885714 | G5: 265.27125 | H5: 229.38125 | I5: 6 | J5: 0.2572 | K5: 0.088283333 | L5: 758.4125 | M5: 584.82458
A6: 16 | B6: Geevor | C6: ='Table 2'!E19 -> psl | I6: 18 | J6: 1.32 | K6: 0.30806111 | L6: 1876.14 | M6: 863.38111
A7: 17 | B7: Botallack | C7: ='Table 2'!E20 -> psl | D7: 27 | E7: 9.2 | F7: 3.1114815 | G7: 6814.6775 | H7: 3167.8139
A8: 18 | B8: Dolcoath | C8: ='Table 2'!E21 -> psl | I8: 16 | J8: 1.71 | K8: 0.37696875 | L8: 1554.1588 | M8: 507.49758
A9: 22 | B9: Blue Hills | C9: ='Table 2'!E25 -> psl | I9: 7 | J9: 0.8063 | K9: 0.43062857 | L9: 495.9075 | M9: 465.48429
A10: 26 | B10: Creegbrawse | C10: ='Table 2'!E29 -> psl | I10: 4 | J10: 0.5224 | K10: 0.1591 | L10: 461.31375 | M10: 442.79437
A11: 27 | B11: Wheal Fortune | C11: ='Table 2'!E30 -> psl | I11: 1 | J11: 0.9912 | K11: 0.9912 | L11: 969.61625 | M11: 969.61625
A12: 28 | B12: Wheal Jane | C12: ='Table 2'!E31 -> psl | I12: 2 | J12: 0.3017 | K12: 0.17225 | L12: 486.21875 | M12: 446.895
A13: 32 | B13: Gonamena | C13: ='Table 2'!E35 -> psl | I13: 2 | J13: 0.6439 | K13: 0.5099 | L13: 134.93875 | M13: 121.03125
A14: 33 | B14: South Caradon | C14: ='Table 2'!E36 -> psl | I14: 1 | J14: 0.566 | K14: 0.566 | L14: 697.05 | M14: 697.05
A15: 34 | B15: East Caradon | C15: ='Table 2'!E37 -> psl | I15: 3 | J15: 0.8767 | K15: 0.60426667 | L15: 744.3775 | M15: 371.81125
A16: 35 | B16: Hingston Down | C16: ='Table 2'!E38 -> psl | D16: 16 | E16: 2.87 | F16: 1.6463125 | G16: 687.0325 | H16: 252.9825 | I16: 1 | J16: 0.1549 | K16: 0.1549 | L16: 294.12125 | M16: 294.12125
A17: 38 | B17: Devon Great Consols | C17: ='Table 2'!E41 -> qtv - psl | D17: 13 | E17: 1.82 | F17: 1.0624923 | G17: 875.97875 | H17: 410.48712 | I17: 3 | J17: 0.3956 | K17: 0.24113333 | L17: 630.245 | M17: 606.62542
A18: 42 | B18: Tavy Consols | C18: ='Table 2'!E45 -> psl | I18: 2 | J18: 0.921 | K18: 0.57235 | L18: 18.8725 | M18: 3.43
